site_id,date,time_idx,latitude,longitude,area,ndvi,precipitation,salinity,sea_surface_height,soil_moisture,ocean_current_speed,ocean_cur_dir_sin,ocean_cur_dir_cos,wind_speed,wind_direction_sin,wind_direction_cos
Al_Shabaan,1/1/2014,1,24.80161344,37.18056221,490467,0.333323182,0,39.49626434,0.270828725,0.161430866,1.962607379,-0.150761863,-0.988570109,3.380462315,-0.993183458,0.116561651
Al_Shabaan,2/1/2014,2,24.80161344,37.18056221,542665,0.307356474,0,39.41384521,0.207191756,0.150411023,1.705436361,0.806212213,-0.591626459,4.303862712,-0.973730764,0.227702434
Al_Shabaan,3/1/2014,3,24.80161344,37.18056221,399785,0.206932839,9.25291749,39.42295817,0.201502688,0.15927692,1.311646586,0.43236263,-0.901699815,2.873339605,-0.900969176,0.433883099
Al_Shabaan,4/1/2014,4,24.80161344,37.18056221,401384,0.307079762,5.660076164,39.29505152,0.190431699,0.166628481,2.269736774,-0.017734665,-0.999842728,2.293353638,-0.934003341,0.357264271
Al_Shabaan,5/1/2014,5,24.80161344,37.18056221,311387,0.224484573,0.30626924,39.31908208,0.135584946,0.151313107,2.243012189,0.816742449,-0.577002402,4.74853755,-0.907817666,0.419365099
Al_Shabaan,6/1/2014,6,24.80161344,37.18056221,1088970,0.3074387,0,39.33052612,0.031725091,0.146116754,1.728915663,0.848993911,0.52840263,5.66104643,-0.899701117,0.436506471
Al_Shabaan,7/1/2014,7,24.80161344,37.18056221,636388,0.295727615,0,39.35782674,-0.057012366,0.143539967,2.032691595,-0.693922194,-0.720049991,3.967574955,-0.883573739,0.468292055
Al_Shabaan,8/1/2014,8,24.80161344,37.18056221,616836,0.309046135,0,39.36180344,-0.144683487,0.142514271,2,1.22E-16,-1,5.600376926,-0.93529128,0.353878823
Al_Shabaan,9/1/2014,9,24.80161344,37.18056221,673742,0.287372288,0,39.66976077,-0.158855077,0.141728999,2.479948961,-0.466362082,-0.884593923,6.075366126,-0.926062183,0.377370948
Al_Shabaan,10/1/2014,10,24.80161344,37.18056221,641135,0.294686653,0,39.44796168,-0.009790707,0.142120328,1.777633477,0.882596437,-0.470131396,4.894922099,-0.953934589,0.300014666
Al_Shabaan,11/1/2014,11,24.80161344,37.18056221,954384,0.282314815,5.1479689,39.38959152,0.085251073,0.14978295,2.189772256,-0.129841206,-0.991534801,2.936809654,-0.982613923,0.185660652
Al_Shabaan,12/1/2014,12,24.80161344,37.18056221,646161,0.313527718,5.93180791,39.38896657,0.155169048,0.164497317,2.455626164,0.105788625,-0.99438864,1.316524669,-0.957677795,-0.287842391
Al_Shabaan,1/1/2015,13,24.80161344,37.18056221,840049,0.304360001,0.065695732,39.24286341,0.131573097,0.156309793,1.978668486,0.096770711,-0.995306701,3.644728752,-0.965313672,0.261092925
Al_Shabaan,2/1/2015,14,24.80161344,37.18056221,1629612,0.266538632,0.721748221,39.27990519,0.2661688,0.151326466,1.233844469,0.85992877,-0.510414058,2.63532462,-0.968706907,0.248207431
Al_Shabaan,3/1/2015,15,24.80161344,37.18056221,429283,0.313776463,8.174772716,39.4669281,0.273155941,0.159527494,2.221916233,0.796573785,-0.604541318,4.269459024,-0.923948012,0.382518067
Al_Shabaan,4/1/2015,16,24.80161344,37.18056221,587663,0.309592175,0.173732412,39.16162872,0.13698689,0.161871391,1.301178992,0.953743794,0.300620649,5.854080555,-0.905892363,0.423508001
Al_Shabaan,5/1/2015,17,24.80161344,37.18056221,847567,0.349992789,0.056803757,39.24804428,0.157864593,0.151955069,1.498671979,0.715187938,-0.698932195,4.148608203,-0.910332529,0.413877623
Al_Shabaan,6/1/2015,18,24.80161344,37.18056221,893483,0.332661199,0,39.54789484,0.020248768,0.146198164,2.01465673,-0.107536535,-0.994201133,5.339060431,-0.868973147,0.494859243
Al_Shabaan,7/1/2015,19,24.80161344,37.18056221,924597,0.320253253,0,39.59836241,-0.049252919,0.144663728,2.045259431,-0.321534699,-0.946897797,3.831044786,-0.899611427,0.436691288
Al_Shabaan,8/1/2015,20,24.80161344,37.18056221,717632,0.331570259,0,39.4733762,-0.048181413,0.143973107,2.68133518,0.895442427,0.445177335,5.179546613,-0.897076872,0.441874514
Al_Shabaan,9/1/2015,21,24.80161344,37.18056221,512059,0.25355223,0,39.63337884,-0.039212228,0.142835072,2.563395561,0.496144218,-0.868240125,5.21710468,-0.908549869,0.417776419
Al_Shabaan,10/1/2015,22,24.80161344,37.18056221,626062,0.276775402,1.199087399,39.62913381,0.041066743,0.143523798,2.09569731,-0.056317747,-0.998412896,2.287437297,-0.981764996,0.190098637
Al_Shabaan,11/1/2015,23,24.80161344,37.18056221,530079,0.326323778,11.28537959,39.74303686,0.16289687,0.161011817,2.051990872,0.395810363,-0.918332269,2.809193739,-0.968753659,0.248024895
Al_Shabaan,12/1/2015,24,24.80161344,37.18056221,688459,0.336946133,0,39.9732129,0.145617358,0.156288679,2.12749004,0.890521351,-0.45494145,4.366607002,-0.957985238,0.286817511
Al_Shabaan,1/1/2016,25,24.80161344,37.18056221,867927,0.330872063,0,39.8186176,0.154868126,0.148760166,2.162202381,0.999103181,-0.042341866,4.789093645,-0.958730813,0.284315366
Al_Shabaan,2/1/2016,26,24.80161344,37.18056221,1011799,0.289469887,0,39.6226632,0.158499835,0.145978577,1.973170431,-0.412023487,-0.911173225,3.345088314,-0.962837313,0.270082042
Al_Shabaan,3/1/2016,27,24.80161344,37.18056221,590363,0.321000032,16.42229567,38.75481576,0.188044854,0.164969051,2.462885145,0.998722049,0.050539781,3.274963776,-0.982625997,0.18559674
Al_Shabaan,4/1/2016,28,24.80161344,37.18056221,604791,0.332624068,6.751233562,38.83296497,0.235166455,0.167394904,1.730690505,0.99152067,-0.129949074,1.413383046,-0.993538184,0.113498353
Al_Shabaan,5/1/2016,29,24.80161344,37.18056221,717272,0.310470672,0,38.49122488,0.196214363,0.150596536,1.820481928,0.803759704,-0.594954064,4.567991979,-0.907083136,0.420951523
Al_Shabaan,6/1/2016,30,24.80161344,37.18056221,801464,0.338941115,0,38.88767272,0.073441284,0.144751998,2.211190199,-0.602974719,-0.797760295,4.700326921,-0.91415631,0.405361864
Al_Shabaan,7/1/2016,31,24.80161344,37.18056221,1123170,0.322678273,0,38.72909619,-0.000556968,0.143047071,2.179924367,0.391434878,-0.920205812,4.499453409,-0.90962661,0.415426805
Al_Shabaan,8/1/2016,32,24.80161344,37.18056221,1336469,0.302299656,0.004174033,39.0598975,-0.081944316,0.142842498,1.8,-0.108955236,-0.994046657,5.848674821,-0.914585466,0.404392662
Al_Shabaan,9/1/2016,33,24.80161344,37.18056221,671734,0.279496627,0,39.46242817,-0.043280423,0.142122741,1.700663114,0.245367144,-0.969430227,6.203991867,-0.918709538,0.394933899
Al_Shabaan,10/1/2016,34,24.80161344,37.18056221,711332,0.291262417,1.509692442,39.72708291,0.024950955,0.143192502,2.413165777,-0.833978873,-0.551796375,2.818292333,-0.96904367,0.246889379
Al_Shabaan,11/1/2016,35,24.80161344,37.18056221,532779,0.327423264,5.150383719,39.21537531,0.11138813,0.155242924,2.035586924,-0.05228383,-0.998632265,2.178410403,-0.996406942,0.084694782
Al_Shabaan,12/1/2016,36,24.80161344,37.18056221,816629,0.328468317,6.789478156,39.43127588,0.12918457,0.164591376,2.507051816,-0.027452667,-0.999623105,5.814506196,-0.943011333,0.332760613
Al_Shabaan,1/1/2017,37,24.80161344,37.18056221,771630,0.332856563,0,39.41849929,0.129254489,0.156927496,1.158357598,0.960111595,-0.279617105,4.320086521,-0.943193486,0.332243958
Al_Shabaan,2/1/2017,38,24.80161344,37.18056221,751831,0.312644842,0,39.56542749,0.105318972,0.149646136,1.575799947,0.958563008,-0.284880607,3.951570273,-0.973686152,0.227893125
Al_Shabaan,3/1/2017,39,24.80161344,37.18056221,652461,0.340924175,8.765995226,39.5968669,0.089788734,0.15549445,2.250792849,0.700457551,-0.713694066,4.013859748,-0.924277301,0.38172172
Al_Shabaan,4/1/2017,40,24.80161344,37.18056221,1039768,0.345212518,6.732591644,39.36662102,0.129001217,0.164790861,1.744119334,0.050844369,-0.998706589,3.191545809,-0.953795915,0.300455241
Al_Shabaan,5/1/2017,41,24.80161344,37.18056221,888645,0.30173982,0.266889842,39.07120485,0.122861538,0.150587035,1.596620908,0.011177233,-0.999937533,4.157773195,-0.914396883,0.404818899
Al_Shabaan,6/1/2017,42,24.80161344,37.18056221,921710,0.32484621,0,39.20884279,0.004163992,0.145243962,2.52563412,0.569943444,-0.821683924,6.300155734,-0.905030524,0.425346623
Al_Shabaan,7/1/2017,43,24.80161344,37.18056221,898971,0.337797464,0,39.49809236,-0.049675512,0.143169095,2.095868659,0.809006193,-0.587800119,4.961220215,-0.901134362,0.433539919
Al_Shabaan,8/1/2017,44,24.80161344,37.18056221,1056102,0.285551967,0,39.11229456,-0.126368167,0.142162276,1.788321168,0.918270622,0.395953361,6.278824389,-0.908673818,0.417506758
Al_Shabaan,9/1/2017,45,24.80161344,37.18056221,676131,0.263092569,0,39.60719828,-0.125120923,0.141531518,1.601751539,0.43146102,-0.902131581,6.111158368,-0.933279172,0.359151759
Al_Shabaan,10/1/2017,46,24.80161344,37.18056221,678034,0.299643384,0,39.71571115,-0.045698662,0.141079496,2.6879346,0.948064254,-0.318078875,5.253059406,-0.943720413,0.330744284
Al_Shabaan,11/1/2017,47,24.80161344,37.18056221,391484,0.369083845,11.58393521,39.51820197,0.112119816,0.156093028,1.826680993,0.712623973,-0.701546202,3.838458336,-0.953160433,0.302465185
Al_Shabaan,12/1/2017,48,24.80161344,37.18056221,614676,0.338798094,4.657229424,39.57169841,0.143118664,0.161509959,2.21902991,0.521392624,-0.8533169,1.436505335,-0.981548716,-0.191212235
Al_Shabaan,1/1/2018,49,24.80161344,37.18056221,799529,0.347548698,0,39.43482913,0.105441014,0.156718118,1.573769217,0.825887574,-0.56383483,4.267575075,-0.980178158,0.198118094
Al_Shabaan,2/1/2018,50,24.80161344,37.18056221,677660,0.32586365,2.709771429,39.48468678,0.190118962,0.152432776,2.384460713,0.677751657,-0.735290889,1.81488636,-0.994946179,-0.100409662
Al_Shabaan,3/1/2018,51,24.80161344,37.18056221,792330,0.327536875,6.746595444,39.09117214,0.122192354,0.151554345,1.975683965,0.079433431,-0.996840173,2.730766897,-0.968651478,0.24842366
Al_Shabaan,4/1/2018,52,24.80161344,37.18056221,857414,0.307163824,0.170896315,38.97062419,0.172969059,0.166238221,2.338805973,0.196514899,-0.980500839,3.643715594,-0.913376248,0.407116483
Al_Shabaan,5/1/2018,53,24.80161344,37.18056221,780990,0.361651902,0.351962572,38.94198638,0.154398697,0.151048404,1.229166667,0.965781398,0.25935746,2.060688481,-0.98377711,0.17939509
Al_Shabaan,6/1/2018,54,24.80161344,37.18056221,787428,0.356125618,0,39.24703686,0.081850628,0.145002855,2.299395403,0.382098658,-0.924121537,6.013830211,-0.917523947,0.397680534
Al_Shabaan,7/1/2018,55,24.80161344,37.18056221,665448,0.313768525,0,39.32208237,-0.140903763,0.142904635,2.777596394,-0.226652649,-0.973975655,4.591671147,-0.910203395,0.414161538
Al_Shabaan,8/1/2018,56,24.80161344,37.18056221,743731,0.323659848,0.202322094,39.37827242,-0.212209447,0.142976153,2.243413417,0.422256243,-0.906476511,5.335462993,-0.893065754,0.44992617
Al_Shabaan,9/1/2018,57,24.80161344,37.18056221,962333,0.255094646,0,39.44313225,-0.076402689,0.142627903,2.183926564,0.08035374,-0.99676641,4.435438931,-0.921686293,0.387936048
Al_Shabaan,10/1/2018,58,24.80161344,37.18056221,725746,0.300131688,3.42178154,39.33778029,0.021236546,0.143300225,1.883413838,0.350318944,-0.93663047,2.178852779,-0.992087675,0.125546984
Al_Shabaan,11/1/2018,59,24.80161344,37.18056221,563378,0.368056324,36.21417709,39.48356042,0.071867279,0.181399943,2.584297974,0.112123782,-0.993694248,1.872624788,-0.993080257,-0.11743766
Al_Shabaan,12/1/2018,60,24.80161344,37.18056221,799155,0.371265988,2.227360055,39.55380997,0.089055386,0.181565806,2.205250579,0.70311747,-0.711073711,4.500864616,-0.937042229,0.349216067
Al_Shabaan,1/1/2019,61,24.80161344,37.18056221,781614,0.336752456,5.630910981,39.39546365,0.096588821,0.162974817,2.120714908,0.40703243,-0.913413708,2.786801128,-0.988617621,0.150449993
Al_Shabaan,2/1/2019,62,24.80161344,37.18056221,820303,0.321352039,2.543466814,39.26711229,0.115439943,0.156425472,2.764811368,-0.123834735,-0.992302856,4.058413512,-0.963386678,0.268115851
Al_Shabaan,3/1/2019,63,24.80161344,37.18056221,1254350,0.293482088,9.601269145,39.45282672,0.01191225,0.164585221,2.231810732,0.360648572,-0.932701778,4.373065728,-0.940876839,0.338748836
Al_Shabaan,4/1/2019,64,24.80161344,37.18056221,695147,0.32859678,4.675482869,39.34181052,0.085060206,0.164328105,2.264307622,0.058553094,-0.998284296,4.049728495,-0.959076656,0.283146549
Al_Shabaan,5/1/2019,65,24.80161344,37.18056221,1213900,0.314736156,0,39.15593837,0.152262114,0.15129868,2.164373824,0.39620886,-0.918160411,2.667258554,-0.942794811,0.33337358
Al_Shabaan,6/1/2019,66,24.80161344,37.18056221,1160452,0.348223235,0.0268942,39.25856444,0.071032577,0.145710238,2.200695132,-0.041672729,-0.999131315,5.53745203,-0.928751464,0.370703006
Al_Shabaan,7/1/2019,67,24.80161344,37.18056221,734732,0.327574512,0,39.4881076,-0.058989881,0.143663993,2.08457622,-0.442439504,-0.896798352,5.04677729,-0.905017057,0.425375278
Al_Shabaan,8/1/2019,68,24.80161344,37.18056221,707747,0.324056958,0,39.3903857,-0.077554378,0.142632693,2.221771069,0.056191351,-0.998420018,4.37985652,-0.921134118,0.389245343
Al_Shabaan,9/1/2019,69,24.80161344,37.18056221,756553,0.300962339,0,39.62308869,-0.069981865,0.141888189,1.903744116,0.180079215,-0.983652111,5.682538806,-0.92297363,0.384863195
Al_Shabaan,10/1/2019,70,24.80161344,37.18056221,678034,0.354625613,0,39.54614639,0.074333161,0.141578767,2.301942759,-0.18650686,-0.982453659,2.620666363,-0.968357489,0.249567171
Al_Shabaan,11/1/2019,71,24.80161344,37.18056221,709173,0.361423992,4.772338185,39.62359957,0.136559213,0.151880674,2.027956394,0.509754695,-0.860319796,2.52465782,-0.990596309,0.136817221
Al_Shabaan,12/1/2019,72,24.80161344,37.18056221,800955,0.357573093,0,39.54106522,0.097358045,0.152152568,2.079850942,0.74249707,-0.669849312,4.266131344,-0.968770712,0.247958279
Al_Shabaan,1/1/2020,73,24.80161344,37.18056221,815729,0.353879811,0,39.57146557,0.035853341,0.147386624,2.700523532,0.535099871,-0.844788807,4.787733228,-0.950665389,0.31021818
Al_Shabaan,2/1/2020,74,24.80161344,37.18056221,865174,0.234455026,0,39.70213861,0.069186677,0.146188766,2.202202,-0.029630669,-0.999560915,4.951800851,-0.927701467,0.3733229
Al_Shabaan,3/1/2020,75,24.80161344,37.18056221,825628,0.342371068,8.582160334,39.3894197,0.07235528,0.16219682,2.377786309,0.623312877,-0.781972542,3.127680162,-0.955696459,0.294354003
Al_Shabaan,4/1/2020,76,24.80161344,37.18056221,753631,0.319205605,0.165021373,39.15380287,0.112660416,0.159004449,2.460140577,-0.049905741,-0.998753932,3.029215608,-0.925101979,0.379718749
Al_Shabaan,5/1/2020,77,24.80161344,37.18056221,620436,0.324687777,0.02633888,39.00939472,0.118360234,0.151798641,1.998482409,0.693083006,-0.720857786,3.743382703,-0.902064944,0.43160032
Al_Shabaan,6/1/2020,78,24.80161344,37.18056221,902729,0.359396563,0.041079629,39.21189338,0.043079632,0.146048455,2.047569,0.795417851,-0.606061417,5.715258394,-0.895541294,0.444978417
Al_Shabaan,7/1/2020,79,24.80161344,37.18056221,746957,0.339295425,0.053131747,39.35826287,0.010309178,0.143795597,0.104799183,0.11689831,0.993143889,3.538675016,-0.887725207,0.460373714
Al_Shabaan,8/1/2020,80,24.80161344,37.18056221,696047,0.312971846,0,39.26911193,-0.017882181,0.143492374,2.118641028,-0.065745662,-0.997836413,3.219499317,-0.897279385,0.441463141
Al_Shabaan,9/1/2020,81,24.80161344,37.18056221,777584,0.301245462,0.27179635,39.53254172,0.056748212,0.142953308,2.235814881,-0.487271159,-0.873250719,3.696311152,-0.949956073,0.312383513
Al_Shabaan,10/1/2020,82,24.80161344,37.18056221,612336,0.337555276,0.987351637,39.73183045,0.097675942,0.143032331,2.094308143,0.795992837,-0.605306041,1.879562748,-0.995169689,0.098169704
Al_Shabaan,11/1/2020,83,24.80161344,37.18056221,730232,0.339524538,6.955429823,39.37199505,0.150776438,0.155814099,2.132583637,0.572534724,-0.819880473,3.902519256,-0.96183598,0.273626659
Al_Shabaan,12/1/2020,84,24.80161344,37.18056221,556178,0.408341313,8.798155016,39.32495337,0.147767646,0.163355688,2.42925557,0.14429465,-0.989534766,3.019280812,-0.996739158,0.080691078
Al_Shabaan,1/1/2021,85,24.80161344,37.18056221,471582,0.451548265,0,39.26247201,0.192387135,0.163552113,2.583408772,-0.018480597,-0.999829219,3.576192484,-0.978514119,0.20617982
Al_Shabaan,2/1/2021,86,24.80161344,37.18056221,574435,0.380267948,0.044857252,39.29479276,0.15351199,0.151420273,2.452379435,0.670914567,-0.741534655,3.841717309,-0.945656903,0.325166146
Al_Shabaan,3/1/2021,87,24.80161344,37.18056221,803129,0.333921467,7.090453386,38.83381653,0.143763537,0.155722757,2.052816108,0.090385276,-0.995906874,4.276222347,-0.940251793,0.340479906
Al_Shabaan,4/1/2021,88,24.80161344,37.18056221,836428,0.324761665,0.167903408,38.91993875,0.106345761,0.160306209,2.275759154,-0.10230701,-0.994752872,3.906164702,-0.920894804,0.389811185
Al_Shabaan,5/1/2021,89,24.80161344,37.18056221,890211,0.33388034,0,38.83714603,0.175019163,0.148657106,1.946791866,0.123043791,-0.992401242,3.43136475,-0.916192382,0.400738716
Al_Shabaan,6/1/2021,90,24.80161344,37.18056221,864645,0.360957138,0,38.8093718,0.03315704,0.144372651,2.026972734,0.048127853,-0.998841183,6.820311642,-0.91454768,0.404478109
Al_Shabaan,7/1/2021,91,24.80161344,37.18056221,1045044,0.330299595,0,39.21104343,-0.0350173,0.142557155,2.52655475,-0.376386517,-0.92646273,4.918269173,-0.904871827,0.425684127
Al_Shabaan,8/1/2021,92,24.80161344,37.18056221,940863,0.315111705,0,39.47924951,-0.01814591,0.141794643,2.347818879,0.304821855,-0.952409385,4.318692111,-0.928054971,0.372443244
Al_Shabaan,9/1/2021,93,24.80161344,37.18056221,800429,0.319188311,0,39.6172255,-0.044277332,0.141232162,2.482145722,0.100609692,-0.994925972,5.367664658,-0.908169651,0.418602299
Al_Shabaan,10/1/2021,94,24.80161344,37.18056221,766230,0.303440336,0,39.46455134,0.016752746,0.140966179,2.287942406,0.471990439,-0.881603667,3.953526011,-0.94682731,0.321742203
Al_Shabaan,11/1/2021,95,24.80161344,37.18056221,768030,0.315036268,10.08921391,39.3800869,0.109814794,0.159113527,2.285081722,-0.045757574,-0.998952574,2.712553326,-0.986862294,0.161563646
Al_Shabaan,12/1/2021,96,24.80161344,37.18056221,828328,0.353873641,9.05929147,39.6811164,0.18761924,0.165374357,2.300552878,0.554186005,-0.832392859,3.488453819,-0.935759828,0.35263798
Al_Shabaan,1/1/2022,97,24.80161344,37.18056221,884126,0.380740087,1.432000476,39.56798465,0.141709389,0.163867272,2.258847263,0.786488536,-0.617604876,4.773874966,-0.944421103,0.328738164
Al_Shabaan,2/1/2022,98,24.80161344,37.18056221,763156,0.344360062,0,39.56991592,0.078216611,0.150072444,2.420174095,-0.65610346,-0.754670954,4.462182646,-0.926336349,0.37669745
Al_Shabaan,3/1/2022,99,24.80161344,37.18056221,822928,0.329776834,7.090434682,39.36804052,0.082147101,0.151920756,1.992582438,0.384900087,-0.922958245,4.973790127,-0.930295918,0.366809902
Al_Shabaan,4/1/2022,100,24.80161344,37.18056221,798216,0.378064175,0.173196247,38.94776872,0.132320237,0.162492587,2.190315944,-0.043741458,-0.999042884,1.588448133,-0.947570537,0.319546676
Al_Shabaan,5/1/2022,101,24.80161344,37.18056221,1217608,0.369552991,0,38.56603857,0.083186463,0.150555184,2.438217474,0.045237652,-0.998976253,5.284672089,-0.91523063,0.402930384
Al_Shabaan,6/1/2022,102,24.80161344,37.18056221,826306,0.365101263,0.025906631,38.92133859,0.066856507,0.14462705,2.23632597,-0.015584395,-0.999878556,6.545831556,-0.908364361,0.418179612
Al_Shabaan,7/1/2022,103,24.80161344,37.18056221,725135,0.321621712,0,39.14476923,-0.058375749,0.142793421,2.285981995,-0.193440159,-0.981112076,4.338705433,-0.882547356,0.470223526
Al_Shabaan,8/1/2022,104,24.80161344,37.18056221,1331559,0.303774189,0.697883348,39.73946546,-0.047254167,0.144450461,1.848197223,0.807485903,-0.589886868,4.016155908,-0.880215,0.47457513
Al_Shabaan,9/1/2022,105,24.80161344,37.18056221,1616859,0.302580361,0.426366942,40.03384349,-0.018214425,0.14341305,2.67082369,-0.221598683,-0.975137951,4.43124809,-0.928331353,0.371753815
Al_Shabaan,10/1/2022,106,24.80161344,37.18056221,743731,0.312153187,0,39.44214645,0.054497926,0.143693827,2.441897507,-0.143813491,-0.98960481,3.210097799,-0.948217505,0.31762173
Al_Shabaan,11/1/2022,107,24.80161344,37.18056221,795929,0.330480848,17.34648454,39.35882158,0.129524253,0.146367065,2.482975286,0.351152739,-0.93631819,2.778036757,-0.989487778,0.144616516
Al_Shabaan,12/1/2022,108,24.80161344,37.18056221,801329,0.35719779,5.578225451,39.12285233,0.19389543,0.179696345,1.997741317,-0.048268741,-0.998834385,2.734878537,-0.988514777,0.151124241
Al_Shabaan,1/1/2023,109,24.80161344,37.18056221,504880,0.482862562,0,39.01575089,0.212966244,0.153987073,2.188323122,0.03574586,-0.999360913,2.83082566,-0.996717067,0.0809635
Al_Shabaan,2/1/2023,110,24.80161344,37.18056221,549815,0.431101754,0.859123628,39.01004454,0.177565071,0.148603362,2.442963822,-0.170102937,-0.985426299,5.544269338,-0.921769003,0.38773948
Al_Shabaan,3/1/2023,111,24.80161344,37.18056221,640775,0.397365672,8.78005137,38.68842448,0.170927285,0.16116842,2.103792876,-0.221237852,-0.975219879,4.095101763,-0.93967492,0.342068771
Al_Shabaan,4/1/2023,112,24.80161344,37.18056221,811229,0.331075015,6.185209605,38.9059259,0.158110639,0.160029961,2.236254798,-0.003428825,-0.999994122,2.723759367,-0.967412916,0.253203971
Al_Shabaan,5/1/2023,113,24.80161344,37.18056221,1054048,0.337728577,0.128982727,38.79185882,0.168680357,0.149843536,2.509690978,0.470183996,-0.882568416,2.647417715,-0.939168393,0.343457027
Al_Shabaan,6/1/2023,114,24.80161344,37.18056221,952570,0.351097376,0,38.53049352,0.101381277,0.145886679,2.105886714,0.435922974,-0.899983978,4.712458335,-0.923509541,0.383575452
Al_Shabaan,7/1/2023,115,24.80161344,37.18056221,748231,0.305186815,0,38.82226108,-0.026901344,0.143239723,2.510689811,-0.201050286,-0.979580922,4.350930173,-0.916025841,0.401119257
Al_Shabaan,8/1/2023,116,24.80161344,37.18056221,774330,0.345804478,0.193474474,39.1281951,-0.034011655,0.143160217,2.686554915,-0.258454961,-0.966023309,3.603266916,-0.877496677,0.479582716
Al_Shabaan,9/1/2023,117,24.80161344,37.18056221,851727,0.332422983,0,39.26072737,-0.061615068,0.142724952,2.160831266,0.362547243,-0.931965394,5.189555458,-0.924228164,0.381840675
Al_Shabaan,10/1/2023,118,24.80161344,37.18056221,824728,0.345789693,0.104627486,39.1084941,0.043574002,0.143296309,2.217587647,0.199548618,-0.979887927,2.896606059,-0.989895968,0.141795534
Al_Shabaan,11/1/2023,119,24.80161344,37.18056221,901226,0.349196418,6.977683313,38.93873699,0.103717603,0.165597754,2.876285432,0.908582927,-0.417704519,2.211182803,-0.98552076,0.169554807
Al_Shabaan,12/1/2023,120,24.80161344,37.18056221,968984,0.408142876,17.04457414,38.7712596,0.081979628,0.17428264,2.469282796,0.005477538,-0.999984998,1.136399976,-0.99479399,-0.10190642
Al_Shabaan,1/1/2024,121,24.80161344,37.18056221,0,0.408142876,0,38.66008054,0.081702343,0.159714457,1.99962665,0.342561771,-0.939495307,4.162478534,-0.942540948,0.334090648
Al_Shabaan,2/1/2024,122,24.80161344,37.18056221,916525,0.352345187,0,38.84392386,0.064784994,0.150029108,2.017226241,0.249185407,-0.968455798,4.359547128,-0.944953387,0.327204975
Al_Shabaan,3/1/2024,123,24.80161344,37.18056221,632831,0.405845044,12.8819583,38.84760769,0.109607777,0.157327077,2.416837508,0.142482006,-0.989797392,3.45576487,-0.923468609,0.383673987
Al_Shabaan,4/1/2024,124,24.80161344,37.18056221,909692,0.336679303,5.06898234,38.67785552,0.122157079,0.16871566,2.409003315,-0.071596832,-0.997433654,2.825873727,-0.935816768,0.352486846
Al_Shabaan,5/1/2024,125,24.80161344,37.18056221,1044650,0.311919456,0.02650047,38.40693674,0.093025384,0.149144213,2.455219834,-0.517040459,-0.855960959,4.473312191,-0.89150584,0.453009203
Al_Shabaan,6/1/2024,126,24.80161344,37.18056221,1497186,0.31247929,0.026876203,38.48646257,0.062737645,0.144804414,2.730475227,0.092431908,-0.995719008,4.107968347,-0.8882128,0.459432283
Al_Shabaan,7/1/2024,127,24.80161344,37.18056221,808737,0.361593068,0,38.58297113,-0.027972293,0.143191399,1.998905933,-0.268255541,-0.96334779,3.121921872,-0.926280124,0.376835683
Al_Shabaan,8/1/2024,128,24.80161344,37.18056221,882326,0.317370175,0.37348222,38.7461452,-0.058556932,0.142553397,2.554310192,0.933430617,-0.358757973,3.151367737,-0.872869159,0.487954333
Al_Shabaan,9/1/2024,129,24.80161344,37.18056221,823828,0.347601595,0.252927545,39.00218039,-0.108201357,0.143744782,2.554310192,0.933430617,-0.358757973,5.977061788,-0.924144179,0.382043893
Al_Shabaan,10/1/2024,130,24.80161344,37.18056221,861627,0.353922491,0.145293718,38.7682455,-0.108201357,0.143701711,2.554310192,0.933430617,-0.358757973,4.079098305,-0.964891455,0.262648968
Al_Shabaan,11/1/2024,131,24.80161344,37.18056221,948416,0.355095011,7.396488528,38.54873696,-0.108201357,0.16228319,2.554310192,0.933430617,-0.358757973,4.705418445,-0.930469877,0.366368405
Al_Shabaan,12/1/2024,132,24.80161344,37.18056221,941724,0.381288955,0,38.60451811,-0.108201357,0.151024205,2.554310192,0.933430617,-0.358757973,4.081132488,-0.95991553,0.280289448
Al_Shoaiba,1/1/2014,1,20.76609193,39.47337765,1331185,0.500424921,18.62193754,38.99332188,0.295236829,0.21543859,2.15411427,0.534356861,-0.845258981,0.212059033,0.995614319,-0.093552811
Al_Shoaiba,2/1/2014,2,20.76609193,39.47337765,743949,0.439228309,0,38.86180313,0.239909696,0.192515595,1.35060982,0.975489618,-0.220045464,1.77609254,-0.753811675,0.657090526
Al_Shoaiba,3/1/2014,3,20.76609193,39.47337765,1262734,0.401100666,5.943868175,38.73218522,0.238659988,0.172364334,2.598175154,0.557885407,-0.829917992,0.936360223,-0.377663439,0.925942939
Al_Shoaiba,4/1/2014,4,20.76609193,39.47337765,1173568,0.382687492,7.996996533,38.66575382,0.254268392,0.174060676,2.952581416,0.678135791,-0.734936629,0.990750394,0.441079821,0.897467878
Al_Shoaiba,5/1/2014,5,20.76609193,39.47337765,840321,0.4745072,4.204350775,38.59599756,0.236920911,0.18134393,1.862425088,-0.894497903,-0.447072143,2.71771976,-0.50519698,0.863004062
Al_Shoaiba,6/1/2014,6,20.76609193,39.47337765,0,0.4745072,0,38.69521515,0.135769792,0.156335063,1,-0.898155255,-0.439678449,4.683686294,-0.739730714,0.672903017
Al_Shoaiba,7/1/2014,7,20.76609193,39.47337765,1332333,0.328819901,0.33840893,38.80183778,0.03417965,0.148251349,1,-0.898155255,-0.439678449,4.510463256,-0.565316385,0.824874163
Al_Shoaiba,8/1/2014,8,20.76609193,39.47337765,21615,0.188207108,1.925905596,38.90034287,-0.086145568,0.15311877,2.873865786,0.235385594,-0.971902064,4.285870588,-0.569162051,0.82222537
Al_Shoaiba,9/1/2014,9,20.76609193,39.47337765,1266337,0.30949598,1.67460498,38.96759104,-0.0851389,0.166404315,2.136905543,-0.074645449,-0.997210137,5.049174577,-0.722708894,0.691152555
Al_Shoaiba,10/1/2014,10,20.76609193,39.47337765,132397,0.332001099,0,38.88971202,0.008787703,0.155535377,2.272398603,0.390353198,-0.920665184,1.670301182,-0.552681867,0.833392317
Al_Shoaiba,11/1/2014,11,20.76609193,39.47337765,713327,0.382592726,19.07873579,38.84970729,0.104266111,0.203779304,2.091821116,-0.162386565,-0.986727218,0.523411454,-0.968008355,0.250917964
Al_Shoaiba,12/1/2014,12,20.76609193,39.47337765,1351900,0.514226989,0,38.88978365,0.205914357,0.184898102,2.304514089,0.30971389,-0.950829799,0.661106979,0.69629062,-0.717759968
Al_Shoaiba,1/1/2015,13,20.76609193,39.47337765,1399621,0.477959343,10.81355984,38.84009354,0.171965453,0.174077293,2.236067977,-0.583577003,-0.812057807,2.472174303,-0.965716479,0.259599082
Al_Shoaiba,2/1/2015,14,20.76609193,39.47337765,1299661,0.509736893,0,38.78039565,0.278512762,0.191199579,1.025524847,0.958982425,-0.283465533,0.679630452,-0.5616235,0.82739292
Al_Shoaiba,3/1/2015,15,20.76609193,39.47337765,1256429,0.420888787,0,38.69238126,0.278671482,0.161867867,2.131236919,-0.990444079,-0.137914928,0.935350642,-0.666560449,0.745450983
Al_Shoaiba,4/1/2015,16,20.76609193,39.47337765,1213197,0.317117575,5.879569494,38.57082409,0.177206315,0.169137054,2.631938533,-0.622995768,-0.782225206,3.69735361,-0.764420605,0.644717875
Al_Shoaiba,5/1/2015,17,20.76609193,39.47337765,1185277,0.278314465,0,38.52750029,0.212736829,0.157004252,2.142457491,0.976671506,-0.21473884,2.255283309,-0.34785703,0.937547592
Al_Shoaiba,6/1/2015,18,20.76609193,39.47337765,1341092,0.40488919,0.021870864,38.62699283,0.129922446,0.149260817,3,0.751226596,0.660044394,5.215681435,-0.789270472,0.614045701
Al_Shoaiba,7/1/2015,19,20.76609193,39.47337765,102675,0.30417378,0,38.75402196,0.050168914,0.145667732,3,-0.447213596,-0.894427191,5.016944416,-0.763428978,0.645891783
Al_Shoaiba,8/1/2015,20,20.76609193,39.47337765,97272,0.22483337,4.807687348,38.51166718,0.030336704,0.155372665,1.968112023,0.319713312,-0.947514326,1.991793244,0.004372783,0.999990439
Al_Shoaiba,9/1/2015,21,20.76609193,39.47337765,1145647,0.243200789,1.367553989,38.69923048,0.01870198,0.178153228,2.25,0.052237895,-0.998634669,1.984765212,-0.26934336,0.963044212
Al_Shoaiba,10/1/2015,22,20.76609193,39.47337765,1251025,0.347222008,4.799524597,38.72254774,0.13239588,0.172202883,2.712517702,0.625118396,-0.780529943,1.169976306,0.946186757,0.323621108
Al_Shoaiba,11/1/2015,23,20.76609193,39.47337765,10807,0.457884825,12.96773245,38.82092808,0.234904365,0.207052912,1.882865054,0.52968716,-0.848193087,0.846042939,-0.935728732,0.352720483
Al_Shoaiba,12/1/2015,24,20.76609193,39.47337765,26119,0.418416297,12.58409116,38.98084075,0.23123814,0.210806277,2.041344663,-0.091537806,-0.995801602,3.827761264,-0.969930205,0.243383232
Al_Shoaiba,1/1/2016,25,20.76609193,39.47337765,1353701,0.450041721,16.37223386,38.77409405,0.274235331,0.20490501,1.857146379,0.459015966,-0.888428018,3.273708696,-0.962112945,0.272651207
Al_Shoaiba,2/1/2016,26,20.76609193,39.47337765,1225807,0.315361994,0,38.5642217,0.275764981,0.191629232,2.169175993,0.904481804,-0.42651221,1.356388096,-0.842374121,0.538893162
Al_Shoaiba,3/1/2016,27,20.76609193,39.47337765,1196985,0.310230616,0,37.90824141,0.294196692,0.160820416,2.031036553,0.774447233,-0.632638509,1.695591009,-0.734542628,0.678562545
Al_Shoaiba,4/1/2016,28,20.76609193,39.47337765,1285251,0.437101024,14.40453834,38.16127523,0.327456671,0.185930433,2.871354721,-0.509532799,-0.860451235,0.781552908,0.986497472,0.163776489
Al_Shoaiba,5/1/2016,29,20.76609193,39.47337765,0,0.437101024,4.262386712,37.802023,0.272000499,0.183318222,1.184981538,-0.228902766,-0.973449292,3.9222815,-0.64972059,0.760173108
Al_Shoaiba,6/1/2016,30,20.76609193,39.47337765,1000640,0.21128783,0,38.01528987,0.196627212,0.154912244,2.828427125,0.676126655,-0.736785414,4.729972276,-0.635803575,0.771850902
Al_Shoaiba,7/1/2016,31,20.76609193,39.47337765,1254628,0.309486835,0.446613827,38.1430859,0.110173576,0.148818813,2.828427125,0.676126655,-0.736785414,4.744233262,-0.567939106,0.823070575
Al_Shoaiba,8/1/2016,32,20.76609193,39.47337765,1295423,0.304273744,3.696374922,38.18487535,0.024405805,0.171178822,2.803891539,0.477969619,-0.878376368,3.891467358,-0.477906622,0.878410645
Al_Shoaiba,9/1/2016,33,20.76609193,39.47337765,1274443,0.310342149,1.439812199,38.54844524,0.069618671,0.16283734,2.519616515,-0.201473123,-0.979494043,3.443715837,-0.596521345,0.802597212
Al_Shoaiba,10/1/2016,34,20.76609193,39.47337765,1214098,0.281651737,0,38.74613161,0.110147673,0.156807959,2.064020419,0.293091766,-0.956084315,1.077346763,0.84257171,0.538584176
Al_Shoaiba,11/1/2016,35,20.76609193,39.47337765,1224005,0.333534867,12.72176072,38.77504843,0.180152783,0.178750544,2.293347425,-0.087128697,-0.996197064,0.793434984,0.93265362,-0.360773095
Al_Shoaiba,12/1/2016,36,20.76609193,39.47337765,1334787,0.485440787,8.837374138,38.82646207,0.205189914,0.217618316,1.252202169,-0.26573041,-0.964047379,2.54045077,-0.932873539,0.360204054
Al_Shoaiba,1/1/2017,37,20.76609193,39.47337765,138702,0.482274746,11.26581063,38.61451269,0.208012011,0.193220194,2.139265914,-0.148099434,-0.988972476,1.82847687,-0.867106352,0.498123052
Al_Shoaiba,2/1/2017,38,20.76609193,39.47337765,1324880,0.396751642,0,38.89791701,0.247685676,0.18634123,3.078170336,-0.343373891,-0.939198792,2.948072952,-0.955678761,0.294411455
Al_Shoaiba,3/1/2017,39,20.76609193,39.47337765,900,0.241207719,0,38.72549467,0.230554888,0.160064738,1.658839465,0.496946586,-0.867781131,2.165792826,-0.688453871,0.725280131
Al_Shoaiba,4/1/2017,40,20.76609193,39.47337765,494465,0.302770989,11.27059405,38.35519141,0.263166172,0.152163954,2.221635241,-0.197656121,-0.980271421,0.807915859,-0.484889576,0.874575382
Al_Shoaiba,5/1/2017,41,20.76609193,39.47337765,1257330,0.313347396,5.930434166,38.40257659,0.222928735,0.203887655,2.335911151,-0.629351301,-0.77712093,3.777244351,-0.626032422,0.779797029
Al_Shoaiba,6/1/2017,42,20.76609193,39.47337765,0,0.313347396,0.060217123,38.35259897,0.127178419,0.159750888,1.870830158,-0.413435692,-0.910533321,5.325876467,-0.689573512,0.724215694
Al_Shoaiba,7/1/2017,43,20.76609193,39.47337765,1261833,0.305340527,0.482921061,38.53029717,0.054537259,0.149719052,3,0.998989318,0.044948226,5.369941948,-0.601255978,0.799056474
Al_Shoaiba,8/1/2017,44,20.76609193,39.47337765,1239317,0.255673799,4.033732373,38.15182354,-0.039650951,0.166730104,2.622372412,-0.007441218,-0.999972314,3.227175836,-0.328010776,0.944673981
Al_Shoaiba,9/1/2017,45,20.76609193,39.47337765,1276346,0.293095226,0.620131684,38.56197272,-0.033042027,0.167435157,1.193037975,-0.408153901,-0.912913136,2.873327426,-0.538893201,0.842374096
Al_Shoaiba,10/1/2017,46,20.76609193,39.47337765,1121329,0.329226453,0,38.77342153,0.035517996,0.155362199,2.321852039,-0.365556845,-0.930789016,1.855919702,-0.688598706,0.725142622
Al_Shoaiba,11/1/2017,47,20.76609193,39.47337765,923182,0.354883249,6.95145305,38.69985962,0.179339888,0.167221871,1.998594281,-0.23806968,-0.971248077,0.125148379,0.921572676,0.388205878
Al_Shoaiba,12/1/2017,48,20.76609193,39.47337765,1006898,0.532750496,0,38.68230057,0.233970599,0.176038238,1.738472301,0.7405819,-0.671966108,1.140605784,0.783256662,-0.621698481
Al_Shoaiba,1/1/2018,49,20.76609193,39.47337765,893,0.162812053,9.380476706,38.48329798,0.227936517,0.183111241,2.454373511,0.48180413,-0.87627894,3.536580909,-0.944574598,0.328296862
Al_Shoaiba,2/1/2018,50,20.76609193,39.47337765,1317675,0.523707593,0,38.67327782,0.303558607,0.178394483,2.625865015,0.999383834,-0.035099181,0.376611471,0.787805065,0.615924654
Al_Shoaiba,3/1/2018,51,20.76609193,39.47337765,1013186,0.449472034,0,38.33962702,0.244781731,0.158646082,1.784725304,0.986703586,-0.162530102,0.772542591,-0.151468849,0.988462032
Al_Shoaiba,4/1/2018,52,20.76609193,39.47337765,1291555,0.388907769,9.189298688,38.61119843,0.269050896,0.171997367,2.0938949,0.696687039,-0.717375195,1.571956802,-0.393829745,0.919183405
Al_Shoaiba,5/1/2018,53,20.76609193,39.47337765,1276244,0.430480674,2.949651892,38.31091662,0.194571936,0.177159784,1.845168638,0.086870899,-0.996219578,2.107405772,-0.451097345,0.892474753
Al_Shoaiba,6/1/2018,54,20.76609193,39.47337765,1312271,0.330234495,0,38.43142997,0.092907917,0.154024624,2.468306116,0.107044693,-0.99425421,5.283433949,-0.66882006,0.743424325
Al_Shoaiba,7/1/2018,55,20.76609193,39.47337765,1337288,0.323690139,0.556129531,38.78021961,-0.072001623,0.148329066,2.468306116,0.107044693,-0.99425421,4.151143573,-0.438239143,0.898858417
Al_Shoaiba,8/1/2018,56,20.76609193,39.47337765,1360320,0.320383226,1.589473724,38.82908517,-0.144911486,0.160444036,3.141369139,-0.382339705,-0.924021834,4.921630105,-0.605801792,0.795615604
Al_Shoaiba,9/1/2018,57,20.76609193,39.47337765,1074495,0.230779881,1.55527655,38.90129612,-0.116097287,0.163191163,2.433359213,0.099804185,-0.995007098,1.851814705,-0.211099223,0.977464638
Al_Shoaiba,10/1/2018,58,20.76609193,39.47337765,1259131,0.320625015,14.1157798,38.96244755,-0.001172318,0.175806406,2.321230803,0.306398696,-0.951903272,0.672907074,0.619962882,0.784631139
Al_Shoaiba,11/1/2018,59,20.76609193,39.47337765,1438512,0.494402374,33.90742748,38.99842679,0.140524408,0.273246901,2.404337859,0.888174223,-0.459506854,0.768052564,0.602063805,-0.798447979
Al_Shoaiba,12/1/2018,60,20.76609193,39.47337765,1213907,0.420801326,3.180207083,38.95148482,0.161247075,0.189044278,2.374760987,0.062613104,-0.998037875,2.417081424,-0.93681368,0.349828713
Al_Shoaiba,1/1/2019,61,20.76609193,39.47337765,968954,0.352751861,18.94561048,38.85174631,0.18475285,0.22247903,2.175080947,0.211073212,-0.977470255,0.332647169,0.471292822,-0.8819768
Al_Shoaiba,2/1/2019,62,20.76609193,39.47337765,968954,0,0,38.52934067,0.230417111,0.173925976,1.974423831,0.833842532,-0.552002384,2.515160742,-0.949953521,0.312391274
Al_Shoaiba,3/1/2019,63,20.76609193,39.47337765,1401995,0.39682072,5.289937063,38.62689167,0.12400535,0.161236286,2.276122092,-0.273017925,-0.962008946,4.245966047,-0.884292821,0.466932764
Al_Shoaiba,4/1/2019,64,20.76609193,39.47337765,1351900,0.413341314,6.713411331,38.83019709,0.163618044,0.178244085,2.936811531,0.44589102,-0.895087257,3.209340532,-0.782325849,0.622869381
Al_Shoaiba,5/1/2019,65,20.76609193,39.47337765,1323979,0.438617261,0,38.50258071,0.264428752,0.165758335,2.135606823,0.368653461,-0.929566902,1.362981696,0.117448856,0.993078932
Al_Shoaiba,6/1/2019,66,20.76609193,39.47337765,1323979,0.330523307,0.28802107,38.56815437,0.135506665,0.155993526,2.640799458,0.264405715,-0.96441154,5.846779162,-0.718515288,0.695511166
Al_Shoaiba,7/1/2019,67,20.76609193,39.47337765,1360006,0.342056451,0,39.17572375,-0.025545355,0.147756256,1.967591153,-0.099226322,-0.995064891,6.2685397,-0.704632377,0.709572557
Al_Shoaiba,8/1/2019,68,20.76609193,39.47337765,1396457,0.312271015,3.437602043,38.52394344,-0.09989111,0.155573513,2.071164406,-0.16075148,-0.986994915,4.131521267,-0.52989539,0.848063014
Al_Shoaiba,9/1/2019,69,20.76609193,39.47337765,1274443,0.304609879,1.512330561,38.75769905,-0.065922072,0.159101491,2.441504474,0.640959565,-0.767574645,4.000679986,-0.635933534,0.771743831
Al_Shoaiba,10/1/2019,70,20.76609193,39.47337765,1326681,0.399764574,3.059150757,39.06834553,0.114258203,0.181825994,2.190181425,0.277964879,-0.960591238,1.102601877,0.194188775,0.980964179
Al_Shoaiba,11/1/2019,71,20.76609193,39.47337765,1298761,0.39154026,21.11187283,38.90681048,0.246456879,0.219972158,2.342410716,-0.204150496,-0.978939516,0.274525506,0.216737594,-0.976229899
Al_Shoaiba,12/1/2019,72,20.76609193,39.47337765,1387019,0.440342717,11.15964879,38.86996276,0.249432768,0.210042127,2.20312335,0.003740963,-0.999993003,3.424678918,-0.939763173,0.34182624
Al_Shoaiba,1/1/2020,73,20.76609193,39.47337765,1301463,0.412558962,11.15217012,38.88287947,0.158888979,0.200014582,2.505205072,-0.156250077,-0.987717527,4.975085408,-0.949197509,0.314680931
Al_Shoaiba,2/1/2020,74,20.76609193,39.47337765,1316774,0.37493551,0,38.82204508,0.218776795,0.173820541,2.400274547,0.393378497,-0.919376614,4.207878098,-0.890775747,0.454443142
Al_Shoaiba,3/1/2020,75,20.76609193,39.47337765,1323079,0.37665805,4.566072222,38.33752116,0.203283716,0.15657468,1.754829328,0.286266126,-0.958150147,2.818920446,-0.815829322,0.578292761
Al_Shoaiba,4/1/2020,76,20.76609193,39.47337765,1287953,0.394622309,9.655209469,38.42399682,0.224590571,0.168706979,1.69515113,-0.144662369,-0.989481076,2.180708698,-0.663010757,0.748609869
Al_Shoaiba,5/1/2020,77,20.76609193,39.47337765,1350099,0.377112709,1.531856202,38.09127214,0.192015379,0.178762631,2.493760455,-0.001453522,-0.999998944,3.564216401,-0.671391309,0.741103036
Al_Shoaiba,6/1/2020,78,20.76609193,39.47337765,1322178,0.394448512,0.280500414,38.40155312,0.072409204,0.159194403,2.278865164,0.512637228,-0.858605306,6.267561511,-0.737394743,0.675462059
Al_Shoaiba,7/1/2020,79,20.76609193,39.47337765,1330284,0.345565871,1.001612041,38.33608543,0.023877227,0.14949374,0.205972958,0.333818887,0.942637232,3.59914459,-0.521136374,0.853473421
Al_Shoaiba,8/1/2020,80,20.76609193,39.47337765,1461071,0.393014055,3.736669013,38.29848042,-0.034198991,0.174374743,1.878054217,0.80385175,-0.594829694,3.554498305,-0.465334933,0.885134679
Al_Shoaiba,9/1/2020,81,20.76609193,39.47337765,1320377,0.306235789,1.461381418,38.38928406,0.059377025,0.163418114,2.176907225,0.506700894,-0.86212192,2.033651277,-0.378219538,0.925715929
Al_Shoaiba,10/1/2020,82,20.76609193,39.47337765,1362708,0.416427042,1.633633301,38.53744394,0.078402236,0.155809092,2.484923021,0.612986156,-0.790093648,0.875354114,0.776091453,0.630620374
Al_Shoaiba,11/1/2020,83,20.76609193,39.47337765,1363757,0.436795928,16.88985719,38.71899358,0.211856841,0.19103855,2.118201404,0.076332019,-0.997082455,0.710188575,-0.891664581,0.45269667
Al_Shoaiba,12/1/2020,84,20.76609193,39.47337765,56498,0.41534215,8.782820456,38.64804656,0.231322669,0.209293215,2.49403937,0.09156447,-0.99579915,0.760657425,-0.987897557,0.155107761
Al_Shoaiba,1/1/2021,85,20.76609193,39.47337765,1452022,0.508890831,31.90578761,38.44741369,0.33034178,0.24182226,2.256468744,0.413319065,-0.910586268,1.139063471,-0.923296713,0.384087464
Al_Shoaiba,2/1/2021,86,20.76609193,39.47337765,1256429,0.405609594,0,38.35283548,0.203189071,0.187661973,2.520824088,-0.332855767,-0.942977751,2.523604403,-0.893846189,0.448373717
Al_Shoaiba,3/1/2021,87,20.76609193,39.47337765,1331185,0.420854696,0,38.06334164,0.230125618,0.160965955,2.348330109,-0.56526036,-0.824912556,1.114644395,-0.573161232,0.819442617
Al_Shoaiba,4/1/2021,88,20.76609193,39.47337765,1233012,0.385193824,11.1323704,38.18636802,0.201306691,0.18539262,1.980501278,0.283731096,-0.958903887,1.937473363,-0.594846905,0.803839013
Al_Shoaiba,5/1/2021,89,20.76609193,39.47337765,1185276,0.365926881,0,37.92753205,0.240502801,0.16570709,2.121699208,0.073695183,-0.997280813,1.947499256,-0.256822326,0.966458635
Al_Shoaiba,6/1/2021,90,20.76609193,39.47337765,1183475,0.278535857,0,38.15207333,0.100128896,0.152190859,2.160191667,0.507642997,-0.861567518,4.635753504,-0.672220824,0.740350704
Al_Shoaiba,7/1/2021,91,20.76609193,39.47337765,1293357,0.307270977,0.309552718,38.37994766,0.004217867,0.148958628,2.128573531,0.70149493,-0.712674444,3.979320503,-0.456189099,0.889882861
Al_Shoaiba,8/1/2021,92,20.76609193,39.47337765,1071793,0.266345258,4.138790697,38.54523581,-0.011348295,0.159924747,2.332162716,0.289479206,-0.957184303,3.674439331,-0.460351118,0.887736925
Al_Shoaiba,9/1/2021,93,20.76609193,39.47337765,1016852,0.214019924,1.678930754,38.69346689,-0.025682708,0.172911451,2.104777247,0.569448675,-0.822026889,4.189983355,-0.697576385,0.716510424
Al_Shoaiba,10/1/2021,94,20.76609193,39.47337765,1313489,0.337621408,0,38.77210631,0.048105933,0.155761027,2.374372414,0.124517797,-0.992217375,1.726081629,-0.565937777,0.824447956
Al_Shoaiba,11/1/2021,95,20.76609193,39.47337765,1289754,0.374960561,9.448381857,38.89595399,0.194130948,0.182535906,2.143661583,0.2888816,-0.957364832,0.512945068,-0.682821666,0.730585089
Al_Shoaiba,12/1/2021,96,20.76609193,39.47337765,0,0.374960561,10.34071248,38.80967953,0.311618694,0.200510397,2.347963792,0.650742715,-0.759298307,1.162552027,-0.995862446,0.090873481
Al_Shoaiba,1/1/2022,97,20.76609193,39.47337765,1468390,0.459983758,13.48221097,38.72146663,0.280390492,0.202704604,1.746064855,0.529059109,-0.848584975,3.385449923,-0.948318203,0.31732095
Al_Shoaiba,2/1/2022,98,20.76609193,39.47337765,1393331,0.367492699,0,38.86757759,0.236187486,0.190488195,2.594257596,0.241013431,-0.97052178,4.206326656,-0.867167366,0.498016826
Al_Shoaiba,3/1/2022,99,20.76609193,39.47337765,1201489,0.220761323,0,38.7294669,0.258086187,0.160030634,2.69693364,0.68107893,-0.732210005,3.093989311,-0.824778172,0.565456424
Al_Shoaiba,4/1/2022,100,20.76609193,39.47337765,1232111,0.324978936,10.87362317,37.97160565,0.280672216,0.17818591,2.068282405,0.395916641,-0.918286455,1.573844099,0.990727098,0.135866908
Al_Shoaiba,5/1/2022,101,20.76609193,39.47337765,1124932,0.236872569,0,38.06612015,0.176108429,0.167245999,2.43775802,0.24748312,-0.968892205,3.94101353,-0.68575778,0.727829834
Al_Shoaiba,6/1/2022,102,20.76609193,39.47337765,1228509,0.279723335,0.129803539,38.29068728,0.127995105,0.151825204,2.235131051,0.490389896,-0.871503156,5.186394127,-0.684129795,0.729360284
Al_Shoaiba,7/1/2022,103,20.76609193,39.47337765,1327133,0.314934314,0.455179404,38.35845834,-0.052059482,0.147694794,2.580923009,-0.030692526,-0.999528873,2.716415202,-0.174625305,0.984634959
Al_Shoaiba,8/1/2022,104,20.76609193,39.47337765,1033064,0.214747355,10.22909321,39.6674922,-0.060698791,0.187860832,2.256603567,0.331358392,-0.943504963,2.237460685,-0.041161291,0.999152515
Al_Shoaiba,9/1/2022,105,20.76609193,39.47337765,1291449,0.292684464,1.289573737,39.81225784,-0.037303479,0.17698207,1.916480779,-0.597770366,-0.801667381,2.721194037,-0.56739799,0.823443696
Al_Shoaiba,10/1/2022,106,20.76609193,39.47337765,1153753,0.274099075,0,38.59799519,0.056177349,0.159300234,1.74639383,0.559557564,-0.828791489,0.837635851,0.371822211,0.928303961
Al_Shoaiba,11/1/2022,107,20.76609193,39.47337765,1277480,0.32891462,24.26312001,38.78343512,0.198381326,0.182617381,2.477391424,0.00488851,-0.999988051,0.399264126,0.997877452,-0.06511982
Al_Shoaiba,12/1/2022,108,20.76609193,39.47337765,16314,0.405382722,41.42602285,38.49282893,0.266839623,0.22702436,2.439076802,0.072231996,-0.997387858,1.156506766,-0.999394432,-0.034796105
Al_Shoaiba,1/1/2023,109,20.76609193,39.47337765,1400010,0.424903582,20.61172902,38.51493807,0.299711874,0.255708445,2.440275312,0.564453938,-0.825464567,0.727027789,-0.962269632,-0.272097694
Al_Shoaiba,2/1/2023,110,20.76609193,39.47337765,1384363,0.458720637,0,38.26568307,0.320643577,0.179530988,1.897003045,-0.019124403,-0.999817112,3.596669997,-0.860294751,0.509796962
Al_Shoaiba,3/1/2023,111,20.76609193,39.47337765,47735,0.399968477,8.147271879,38.09310221,0.266776914,0.177060853,2.135733235,0.100970748,-0.994889395,2.189573693,-0.843697877,0.536818305
Al_Shoaiba,4/1/2023,112,20.76609193,39.47337765,1220403,0.359232038,12.24017361,38.1467206,0.280209128,0.184009155,2.078732426,0.460026035,-0.887905427,0.962117485,-0.268331753,0.963326565
Al_Shoaiba,5/1/2023,113,20.76609193,39.47337765,1318575,0.396550029,2.511559978,37.84310461,0.264484951,0.174511377,2.180302553,0.695441787,-0.718582438,1.660140049,-0.292726964,0.95619607
Al_Shoaiba,6/1/2023,114,20.76609193,39.47337765,1428831,0.424576705,0,37.85383677,0.172492531,0.166102137,2.570885004,-0.073024499,-0.997330147,4.714392613,-0.640149628,0.768250255
Al_Shoaiba,7/1/2023,115,20.76609193,39.47337765,140503,0.318005763,0,38.41990761,-0.006662848,0.150450213,1.88969688,0.336285178,-0.941760203,5.04572181,-0.568495038,0.822686691
Al_Shoaiba,8/1/2023,116,20.76609193,39.47337765,1238416,0.271890759,5.123333691,38.38711166,-0.031078358,0.161650167,1.998464461,-0.368244654,-0.929728926,3.125756504,-0.416699128,0.909044464
Al_Shoaiba,9/1/2023,117,20.76609193,39.47337765,1317576,0.323873037,1.465987934,38.40298801,-0.060760429,0.172646255,2.237106793,0.284141594,-0.958782329,3.324691553,-0.567847169,0.823134007
Al_Shoaiba,10/1/2023,118,20.76609193,39.47337765,1281118,0.312941548,7.963189103,38.1870534,0.073624356,0.16483598,2.284089813,0.577992991,-0.816041728,0.592872494,-0.053729667,0.998555518
Al_Shoaiba,11/1/2023,119,20.76609193,39.47337765,1417603,0.42230509,26.76543976,38.13929932,0.129576227,0.262089294,2.444886218,-0.035299854,-0.999376766,0.24673707,0.96290087,0.269855359
Al_Shoaiba,12/1/2023,120,20.76609193,39.47337765,1314072,0.484013762,28.99323908,37.93419308,0.12534318,0.226855861,2.088491484,0.204546292,-0.978856892,0.401183543,-0.016483494,-0.999864138
Al_Shoaiba,1/1/2024,121,20.76609193,39.47337765,381083,0.487121724,13.84838188,37.98138202,0.15471711,0.180761411,2.276994443,-0.10837433,-0.994110157,2.820085357,-0.921128593,0.389258417
Al_Shoaiba,2/1/2024,122,20.76609193,39.47337765,1440250,0.430001742,0,38.11884506,0.133381161,0.189226597,2.002774171,0.675826075,-0.737061134,3.819537795,-0.933155842,0.359472078
Al_Shoaiba,3/1/2024,123,20.76609193,39.47337765,1313164,0.325069205,8.577467543,37.95832641,0.228627279,0.174556467,2.550269785,-0.199397355,-0.979918719,1.690229946,-0.80133206,0.598219801
Al_Shoaiba,4/1/2024,124,20.76609193,39.47337765,1416847,0.468906618,11.53583804,37.77930719,0.239260285,0.191532331,2.006329378,0.190472578,-0.981692516,1.52581981,-0.55582141,0.831301726
Al_Shoaiba,5/1/2024,125,20.76609193,39.47337765,1347397,0.479469858,1.590515355,37.80500454,0.201189666,0.172656081,2.124029513,0.634723938,-0.772738974,4.132305941,-0.699503978,0.714628704
Al_Shoaiba,6/1/2024,126,20.76609193,39.47337765,1218976,0.312412805,0.14118304,37.95575615,0.141697493,0.157242083,2.274119554,0.869887496,-0.493250183,3.181883364,-0.467804702,0.883831862
Al_Shoaiba,7/1/2024,127,20.76609193,39.47337765,1280786,0.326622115,0.582746748,37.83648074,-0.021252966,0.150772687,2.560297722,-0.209439045,-0.977821705,3.210084989,-0.279210771,0.96022984
Al_Shoaiba,8/1/2024,128,20.76609193,39.47337765,80159,0.246536145,18.63300672,38.03060899,-0.088994294,0.207828309,2.318674489,0.3541857,-0.935175112,2.505928318,0.255361927,0.966845534
Al_Shoaiba,9/1/2024,129,20.76609193,39.47337765,1348672,0.346558394,1.832602616,38.2085844,-0.14330022,0.191452108,2.318674489,0.3541857,-0.935175112,4.303660349,-0.656263088,0.754532146
Al_Shoaiba,10/1/2024,130,20.76609193,39.47337765,1317661,0.328234637,5.330775817,37.96152892,-0.14330022,0.169989789,2.318674489,0.3541857,-0.935175112,1.907925232,-0.556084519,0.831125747
Al_Shoaiba,11/1/2024,131,20.76609193,39.47337765,1257432,0.457573354,17.89820432,37.87983223,-0.14330022,0.225828523,2.318674489,0.3541857,-0.935175112,1.367699419,-0.827789065,0.561039449
Al_Shoaiba,12/1/2024,132,20.76609193,39.47337765,1152955,0.455758256,9.59665034,37.92587181,-0.14330022,0.20182271,2.318674489,0.3541857,-0.935175112,1.538394016,-0.9346639,0.355532551
Al_Wajh,1/1/2014,1,26.02500566,36.70594648,184224,0.476289806,6.784338474,39.43450663,0.239922619,0.140009761,2.633394255,0.694050297,-0.719926514,2.636292511,-0.910063476,0.414468901
Al_Wajh,2/1/2014,2,26.02500566,36.70594648,22488,0.190789139,6.284029722,39.38140804,0.221550737,0.140647396,2.791077221,0.87111531,-0.491078524,3.638497449,-0.885520577,0.464600159
Al_Wajh,3/1/2014,3,26.02500566,36.70594648,124113,0.317546814,6.642077446,39.37433299,0.223543197,0.140530691,2.099586409,0.96554021,-0.260253919,2.720477738,-0.730481287,0.682932712
Al_Wajh,4/1/2014,4,26.02500566,36.70594648,134544,0.38310125,2.969190359,39.24430713,0.203995445,0.140369505,2.271845908,0.870240038,-0.492627928,2.166485794,-0.675825637,0.737061537
Al_Wajh,5/1/2014,5,26.02500566,36.70594648,0,0.38310125,1.386605561,39.29063123,0.108760799,0.140198425,1.951367322,-0.623727507,-0.78164186,4.174997252,-0.751149792,0.660131798
Al_Wajh,6/1/2014,6,26.02500566,36.70594648,194062,0.369515075,0,39.26819221,-0.00940227,0.139986023,2.414213562,0.739119978,-0.673573795,4.601583058,-0.712689517,0.701479616
Al_Wajh,7/1/2014,7,26.02500566,36.70594648,202176,0.368892213,0,39.32442233,-0.082492517,0.140612081,2.414213562,0.204388179,-0.978889918,2.998477305,-0.467441549,0.884023981
Al_Wajh,8/1/2014,8,26.02500566,36.70594648,205785,0.406516252,0,39.28957945,-0.169769388,0.141350284,2.214495162,0.182932104,-0.983125549,3.960775234,-0.669345987,0.74295084
Al_Wajh,9/1/2014,9,26.02500566,36.70594648,179765,0.398868825,0,39.5996632,-0.180101777,0.140940383,2.171274777,-0.706350019,-0.707862734,4.595194991,-0.710760533,0.703434052
Al_Wajh,10/1/2014,10,26.02500566,36.70594648,152799,0.469519154,0,39.3923433,-0.030943793,0.14065437,2.914213562,0.164579628,-0.9863638,3.627794001,-0.797316475,0.603561462
Al_Wajh,11/1/2014,11,26.02500566,36.70594648,142104,0.44490777,0,39.34152336,0.05218772,0.140617102,3,-0.948683298,-0.316227766,2.715895357,-0.92756398,0.373664372
Al_Wajh,12/1/2014,12,26.02500566,36.70594648,175288,0.510872614,11.22311449,39.35053156,0.106718622,0.141355723,2.349586409,0.048555785,-0.998820472,1.806668121,-0.998139304,-0.060974834
Al_Wajh,1/1/2015,13,26.02500566,36.70594648,208494,0.463986094,13.75284266,39.20397975,0.060930419,0.141426951,2.68449827,0.762112012,-0.647445196,3.420102814,-0.848658673,0.528940882
Al_Wajh,2/1/2015,14,26.02500566,36.70594648,176999,0.415254475,5.171127319,39.27280664,0.200904951,0.141817033,2.05464038,0.769071388,-0.63916289,3.055424192,-0.779264027,0.626695761
Al_Wajh,3/1/2015,15,26.02500566,36.70594648,143804,0.422361083,5.360064507,39.42773145,0.237564869,0.141591236,2.135780227,-0.693714963,-0.720249645,3.862829253,-0.721099395,0.692831626
Al_Wajh,4/1/2015,16,26.02500566,36.70594648,148302,0.45217088,0,39.09364059,0.134625616,0.141190589,1.667397251,-0.704995972,-0.709211308,4.550402767,-0.716493346,0.697593926
Al_Wajh,5/1/2015,17,26.02500566,36.70594648,144827,0.447503147,0.864870369,39.20157246,0.138435459,0.140866667,2.222812131,-0.632989162,-0.774160656,3.449441921,-0.714421292,0.699715812
Al_Wajh,6/1/2015,18,26.02500566,36.70594648,107945,0.233622998,0,39.43263678,-0.009782196,0.140621126,2.707106781,0.464774536,-0.885429066,4.299163456,-0.646676186,0.762764649
Al_Wajh,7/1/2015,19,26.02500566,36.70594648,194341,0.379524953,0,39.46232265,-0.036981207,0.141005725,2.995352392,-0.307211503,-0.951641263,2.85683425,-0.519100408,0.854713265
Al_Wajh,8/1/2015,20,26.02500566,36.70594648,178449,0.370512295,0,39.3210508,-0.050134779,0.141274244,2,0,1,4.183751124,-0.743448453,0.66879324
Al_Wajh,9/1/2015,21,26.02500566,36.70594648,122843,0.250661877,0,39.49659626,-0.047553936,0.140885979,1.75,0.925679246,-0.378309309,3.864479868,-0.735566885,0.677452107
Al_Wajh,10/1/2015,22,26.02500566,36.70594648,143716,0.370434941,4.252947569,39.51139646,0.063083759,0.140621662,1.997676196,-0.195090322,-0.98078528,1.686831755,-0.795775084,0.605592285
Al_Wajh,11/1/2015,23,26.02500566,36.70594648,168540,0.56741104,10.42304516,39.67502192,0.131773223,0.140449286,2.755932035,0.416756764,-0.909018041,2.461894941,-0.931802521,0.362965649
Al_Wajh,12/1/2015,24,26.02500566,36.70594648,160334,0.546011078,6.725393295,39.90875007,0.114866071,0.1402978,3.050994148,0.305323108,-0.952248812,3.624098354,-0.891411954,0.453193919
Al_Wajh,1/1/2016,25,26.02500566,36.70594648,196941,0.431941554,8.120584965,39.71544359,0.118148895,0.140300959,1.914213562,0.923879533,0.382683432,4.106155068,-0.869033675,0.494752939
Al_Wajh,2/1/2016,26,26.02500566,36.70594648,181236,0.367405131,0,39.44269149,0.128157617,0.140242994,2.58113883,0.05743284,-0.998349372,3.064267956,-0.885822166,0.464024882
Al_Wajh,3/1/2016,27,26.02500566,36.70594648,199417,0.447084274,7.554247856,38.64654108,0.162726616,0.140135303,2.08113883,-0.999963105,-0.008590028,2.875049505,-0.782987878,0.622036962
Al_Wajh,4/1/2016,28,26.02500566,36.70594648,153949,0.427298645,4.740398884,38.73205041,0.197698628,0.140076265,2,0.057139518,-0.998366203,1.397453959,-0.726917242,0.686725071
Al_Wajh,5/1/2016,29,26.02500566,36.70594648,129535,0.343480292,0.940853596,38.40882564,0.122791752,0.140020281,1.746451444,0.442127967,-0.896951984,3.675208707,-0.709505465,0.704699933
Al_Wajh,6/1/2016,30,26.02500566,36.70594648,166490,0.371738984,0,38.73865385,0.020561664,0.140143976,2.751841139,-0.532497365,-0.846431661,3.651265828,-0.706353239,0.707859521
Al_Wajh,7/1/2016,31,26.02500566,36.70594648,202176,0.404357569,0,38.61892154,-0.045791696,0.140016839,2,-0.525731112,-0.850650808,3.272330709,-0.547084667,0.837077277
Al_Wajh,8/1/2016,32,26.02500566,36.70594648,203336,0.345663686,0,38.96308095,-0.156739966,0.140122861,2.532247551,-0.005318321,-0.999985858,4.632383426,-0.658965442,0.752173215
Al_Wajh,9/1/2016,33,26.02500566,36.70594648,184643,0.373554804,0,39.36757598,-0.092083522,0.139952034,2.590168669,-0.066428786,-0.997791169,4.897910795,-0.732199955,0.681089734
Al_Wajh,10/1/2016,34,26.02500566,36.70594648,183638,0.398567006,3.239973783,39.62433882,-0.006175565,0.139814511,1.810660172,-0.342368798,-0.939565648,2.521753718,-0.830131473,0.557567698
Al_Wajh,11/1/2016,35,26.02500566,36.70594648,158535,0.485485441,6.369488001,39.13859166,0.083622273,0.13971442,2.678537449,-0.18265437,-0.983177187,2.128446357,-0.983033145,0.183428011
Al_Wajh,12/1/2016,36,26.02500566,36.70594648,188323,0.446050876,6.786203861,39.37193175,0.111416168,0.139634177,3,-0.709272826,0.704934081,4.833844184,-0.838209481,0.54534839
Al_Wajh,1/1/2017,37,26.02500566,36.70594648,183867,0.45662355,6.577174902,39.35204346,0.107031932,0.14002417,2.236067977,-0.935933278,-0.352177369,3.9800938,-0.786596,0.617468002
Al_Wajh,2/1/2017,38,26.02500566,36.70594648,179338,0.364013212,0,39.49982617,0.067767472,0.140044808,2.051546392,0.99672381,0.08088044,3.267259069,-0.919703839,0.392612849
Al_Wajh,3/1/2017,39,26.02500566,36.70594648,171341,0.319639529,5.545247555,39.50842976,0.069343728,0.13997221,1.51742825,-0.452636628,-0.891695062,3.350139264,-0.661936828,0.749559628
Al_Wajh,4/1/2017,40,26.02500566,36.70594648,111544,0.224629196,4.134545684,39.24604756,0.119527965,0.139846593,2.666666667,-0.985153713,-0.171674579,3.181108405,-0.709029619,0.7051787
Al_Wajh,5/1/2017,41,26.02500566,36.70594648,135831,0.310011212,1.255748272,38.94731975,0.082042611,0.139734685,1.560660172,0.559665655,-0.828718502,3.199520501,-0.66580035,0.746129944
Al_Wajh,6/1/2017,42,26.02500566,36.70594648,149300,0.377679883,0,39.11217818,-0.023282723,0.139601037,2.407114882,-0.405342351,-0.914164962,5.003461911,-0.693003529,0.720934192
Al_Wajh,7/1/2017,43,26.02500566,36.70594648,177200,0.404657734,0,39.37974291,-0.067758753,0.139811978,2.498202793,-0.545999597,-0.837785438,3.707194332,-0.576015975,0.817438436
Al_Wajh,8/1/2017,44,26.02500566,36.70594648,183920,0.325360562,0,38.98648741,-0.150052771,0.139810473,2.636521985,0.958639873,-0.284621844,5.576967093,-0.708009972,0.706202435
Al_Wajh,9/1/2017,45,26.02500566,36.70594648,189473,0.345531646,0,39.49452828,-0.145688285,0.139672488,2.10716364,0.924102882,-0.382143774,4.82899609,-0.753089609,0.65791796
Al_Wajh,10/1/2017,46,26.02500566,36.70594648,173355,0.431034031,0,39.6443235,-0.064318442,0.1395697,2.020056098,0.791748676,0.61084698,4.205481283,-0.787298161,0.616572466
Al_Wajh,11/1/2017,47,26.02500566,36.70594648,155498,0.44082275,6.679578781,39.47046476,0.064561862,0.139500901,3.16227766,-0.743294446,-0.668964398,3.530475081,-0.856612768,0.515959849
Al_Wajh,12/1/2017,48,26.02500566,36.70594648,161234,0.536605563,6.864496708,39.49811874,0.107667942,0.139438704,2.818951416,0.937381478,0.348304415,2.060344257,-0.998345564,0.057499003
Al_Wajh,1/1/2018,49,26.02500566,36.70594648,191575,0.516855738,6.300638199,39.31734322,0.050562245,0.139585197,2.779049447,-0.109102507,-0.994030504,3.431630693,-0.877063491,0.480374472
Al_Wajh,2/1/2018,50,26.02500566,36.70594648,173489,0.461133023,7.350944161,39.42979648,0.151458995,0.139743879,2.785246581,0.497718538,-0.867338606,2.021614693,-0.929375544,0.36913561
Al_Wajh,3/1/2018,51,26.02500566,36.70594648,187963,0.474504038,5.363260508,39.01116521,0.084991024,0.139663503,1.766123776,-0.858595577,-0.512653523,2.300109408,-0.704419483,0.709783905
Al_Wajh,4/1/2018,52,26.02500566,36.70594648,171789,0.388623033,2.40083003,38.92163436,0.121146775,0.139636949,1.745812289,0.154306946,-0.988022958,2.653739016,-0.584269978,0.811559359
Al_Wajh,5/1/2018,53,26.02500566,36.70594648,142104,0.323344869,1.729501843,38.88573177,0.098511348,0.139545947,1.664213562,-0.142240385,-0.989832144,2.091452062,-0.662682045,0.748900866
Al_Wajh,6/1/2018,54,26.02500566,36.70594648,157209,0.397328812,0,39.1575071,0.016276038,0.13944231,1.766123776,-0.124418035,-0.992229889,4.813817736,-0.705555726,0.708654442
Al_Wajh,7/1/2018,55,26.02500566,36.70594648,122338,0.237253917,0,39.25505561,-0.176139201,0.139395654,3,0.923879533,0.382683432,3.218384195,-0.542147429,0.840283384
Al_Wajh,8/1/2018,56,26.02500566,36.70594648,176241,0.423813141,0,39.31253598,-0.229674235,0.139473453,2.08113883,0.158265887,-0.987396531,3.629752514,-0.596103903,0.802907303
Al_Wajh,9/1/2018,57,26.02500566,36.70594648,147526,0.26367771,0,39.35145579,-0.123125347,0.13955541,2.426691649,-0.399591542,-0.916693296,3.923597348,-0.762161991,0.647386361
Al_Wajh,10/1/2018,58,26.02500566,36.70594648,165580,0.441591357,0,39.28284454,-0.027326553,0.13951534,1.501968504,0.645328703,-0.76390501,2.226776095,-0.890481646,0.455019163
Al_Wajh,11/1/2018,59,26.02500566,36.70594648,165217,0.562395019,33.43167067,39.45114868,0.018029913,0.13951917,2.608162931,-0.652324636,-0.757939687,1.263881914,-0.983412049,0.181385616
Al_Wajh,12/1/2018,60,26.02500566,36.70594648,166861,0.556034702,6.223836422,39.48770451,0.02754025,0.13956061,2.266565149,-0.304041991,-0.952658631,3.62503382,-0.845576126,0.533854864
Al_Wajh,1/1/2019,61,26.02500566,36.70594648,136731,0.41077465,26.0630641,39.34964154,0.043110105,0.139608428,2.141783576,-0.082717805,-0.99657301,2.961143211,-0.787648096,0.616125375
Al_Wajh,2/1/2019,62,26.02500566,36.70594648,6123,0.165990683,3.686847925,39.20895468,0.05720638,0.139717907,2.537634952,0.07879784,-0.996890616,3.560348286,-0.834664515,0.550758701
Al_Wajh,3/1/2019,63,26.02500566,36.70594648,180149,0.429967014,6.796729326,39.34933781,-0.01416097,0.139816105,2.264691398,0.816710496,-0.577047629,3.537036846,-0.687015763,0.726642513
Al_Wajh,4/1/2019,64,26.02500566,36.70594648,171341,0.406279082,3.339160698,39.28074852,0.024402317,0.140005305,2.473229225,-0.27620412,-0.961098998,2.874273402,-0.717195735,0.69687178
Al_Wajh,5/1/2019,65,26.02500566,36.70594648,152711,0.426944957,0,39.05514547,0.107149756,0.139886186,2.345057817,-0.551528626,-0.834155966,2.117616864,-0.594361098,0.804198287
Al_Wajh,6/1/2019,66,26.02500566,36.70594648,138530,0.271162441,0,39.22196912,0.033179444,0.139747068,2.543228882,0.166104233,-0.986108201,4.057221314,-0.720361628,0.693598677
Al_Wajh,7/1/2019,67,26.02500566,36.70594648,143028,0.410239935,0,39.48670754,-0.096306131,0.139794171,2.074350523,0.362479132,-0.931991888,3.440874195,-0.589497598,0.80777013
Al_Wajh,8/1/2019,68,26.02500566,36.70594648,167481,0.427998152,0,39.27984578,-0.128684833,0.140332997,2.510144458,0.190198119,-0.981745729,3.067422454,-0.585891725,0.810389343
Al_Wajh,9/1/2019,69,26.02500566,36.70594648,186474,0.431279858,0,39.52494286,-0.11230504,0.140263468,2.263888075,-0.111148535,-0.993803805,4.541143645,-0.714926344,0.699199773
Al_Wajh,10/1/2019,70,26.02500566,36.70594648,159008,0.376681396,0,39.51470432,0.015322508,0.140231893,2.019579226,0.266002591,-0.963972314,2.154926891,-0.785372023,0.619024059
Al_Wajh,11/1/2019,71,26.02500566,36.70594648,160027,0.48677036,3.667153455,39.54758216,0.096879653,0.140137687,2.237821875,0.627780574,-0.778390359,2.142307077,-0.975505931,0.219973132
Al_Wajh,12/1/2019,72,26.02500566,36.70594648,154179,0.512955509,6.308998108,39.45609077,0.073940519,0.140035138,2.01387293,-0.341647092,-0.939828317,3.377286693,-0.906936327,0.421267727
Al_Wajh,1/1/2020,73,26.02500566,36.70594648,164494,0.542420378,11.09668875,39.52418539,0.022571226,0.13999556,2.587838596,-0.153942552,-0.9880798,3.887086384,-0.850396435,0.526142474
Al_Wajh,2/1/2020,74,26.02500566,36.70594648,142104,0.346008605,6.019015312,39.599354,0.045324796,0.139967591,2.131098791,-0.510162608,-0.860077969,3.852969126,-0.754187744,0.656658851
Al_Wajh,3/1/2020,75,26.02500566,36.70594648,174576,0.493767028,5.37667799,39.24773788,0.023961218,0.140080079,2.354295475,0.305374493,-0.952232335,2.882004402,-0.699977679,0.714164721
Al_Wajh,4/1/2020,76,26.02500566,36.70594648,161795,0.434187593,0,39.10581785,0.066667152,0.141232967,2.262667923,-0.280253253,-0.959926098,2.850878007,-0.549041395,0.835795158
Al_Wajh,5/1/2020,77,26.02500566,36.70594648,163859,0.409537281,1.356640828,38.90995325,0.057259926,0.141676664,2.46371669,0.3190537,-0.947736639,3.04763513,-0.646032387,0.763309999
Al_Wajh,6/1/2020,78,26.02500566,36.70594648,156496,0.364008272,0.074446723,39.09487863,-0.00814007,0.141190857,2.477258902,-0.137772931,-0.990463841,4.337195909,-0.679336759,0.73382666
Al_Wajh,7/1/2020,79,26.02500566,36.70594648,147501,0.46149604,0.118741503,39.24342862,-0.045585101,0.140871018,0.478668223,0.720025533,0.693947572,2.812896936,-0.424026197,0.905649924
Al_Wajh,8/1/2020,80,26.02500566,36.70594648,171725,0.449966485,0,39.15984076,-0.07697958,0.140694737,2.449625632,0.279101685,-0.960261553,2.327693665,-0.421883756,0.906649931
Al_Wajh,9/1/2020,81,26.02500566,36.70594648,188242,0.407651357,0,39.39481251,-0.00376583,0.140504599,2.520420314,0.055386527,-0.998464988,3.203057784,-0.797649244,0.603121616
Al_Wajh,10/1/2020,82,26.02500566,36.70594648,174487,0.443814288,2.421124578,39.58617597,0.035390447,0.140245885,1.57835842,-0.195679671,-0.980667868,1.731516367,-0.959861648,0.280473916
Al_Wajh,11/1/2020,83,26.02500566,36.70594648,184312,0.435496742,5.430101633,39.28968481,0.106809971,0.169679893,2.23461077,0.551181325,-0.834385491,3.192523022,-0.850294071,0.526307888
Al_Wajh,12/1/2020,84,26.02500566,36.70594648,172170,0.482726281,8.170805216,39.26683385,0.118178763,0.177395963,2.034229018,-0.241691365,-0.970353175,2.313431253,-0.978577147,0.20588047
Al_Wajh,1/1/2021,85,26.02500566,36.70594648,172029,0.538748511,6.284796,39.17308622,0.18645306,0.19178955,2.445168885,-0.677953218,-0.73510505,2.743161052,-0.94249049,0.334232967
Al_Wajh,2/1/2021,86,26.02500566,36.70594648,26982,0.233855837,6.640238762,39.19714747,0.14289098,0.185722383,1.358007895,-0.72942394,-0.684061924,3.381125749,-0.857227188,0.514938393
Al_Wajh,3/1/2021,87,26.02500566,36.70594648,155685,0.474329563,5.350107431,38.73785503,0.115953546,0.178709699,2.602528287,0.070085365,-0.997540997,3.976972053,-0.733922769,0.679232927
Al_Wajh,4/1/2021,88,26.02500566,36.70594648,174794,0.380606303,0,38.84505071,0.064814816,0.157885904,2.517673013,-0.427024904,-0.904239864,3.451269202,-0.745812549,0.666155869
Al_Wajh,5/1/2021,89,26.02500566,36.70594648,173489,0.413626133,0,38.78163106,0.116349535,0.148682159,2.717327409,0.549788544,-0.835303871,3.02915604,-0.6421463,0.766582109
Al_Wajh,6/1/2021,90,26.02500566,36.70594648,182492,0.409333277,0,38.68735752,-0.011252364,0.145284903,2.405055395,0.129984595,-0.991516014,5.640721944,-0.733667926,0.679508186
Al_Wajh,7/1/2021,91,26.02500566,36.70594648,175218,0.391564991,0,39.09784348,-0.084477678,0.143327862,2.024208182,-0.65116351,-0.75893747,3.89907577,-0.57507425,0.818101221
Al_Wajh,8/1/2021,92,26.02500566,36.70594648,139405,0.366331244,0,39.34275364,-0.075119262,0.142343199,2.479359425,-0.598257446,-0.801303955,3.453278638,-0.640345188,0.768087261
Al_Wajh,9/1/2021,93,26.02500566,36.70594648,177140,0.423797292,0,39.51302204,-0.100856304,0.141646641,2.244369237,-0.004398319,-0.999990327,4.539579672,-0.70540672,0.708802765
Al_Wajh,10/1/2021,94,26.02500566,36.70594648,177479,0.393769668,3.108269215,39.3438565,-0.031241077,0.141218248,2.185986996,-0.261978133,-0.965073809,3.265476379,-0.773512566,0.633780964
Al_Wajh,11/1/2021,95,26.02500566,36.70594648,187677,0.483164131,9.317534447,39.30261364,0.048734138,0.184394135,2.070285908,0.284929742,-0.958548404,2.535732722,-0.907890126,0.419208206
Al_Wajh,12/1/2021,96,26.02500566,36.70594648,188362,0.508918726,6.654678822,39.59469285,0.142634016,0.17864059,2.194250311,0.720443229,-0.693513917,3.186423836,-0.835804032,0.549027887
Al_Wajh,1/1/2022,97,26.02500566,36.70594648,185151,0.536466138,7.438602448,39.46577763,0.09457287,0.189580229,2.413596128,-0.478446283,-0.878116823,3.960427009,-0.848454443,0.529268418
Al_Wajh,2/1/2022,98,26.02500566,36.70594648,167760,0.466587511,5.550452232,39.49610097,0.036601438,0.190392977,2.131985813,0.284551782,-0.958660672,3.937151448,-0.762108283,0.647449585
Al_Wajh,3/1/2022,99,26.02500566,36.70594648,176241,0.4592695,5.350093603,39.27914645,0.043573821,0.187900977,2.343152183,-0.514396812,-0.857552284,4.608883823,-0.747136997,0.664670075
Al_Wajh,4/1/2022,100,26.02500566,36.70594648,148213,0.366363052,0,38.79754144,0.095424296,0.159215358,1.949085965,-0.551727678,-0.834024322,1.631363832,-0.573650902,0.819099898
Al_Wajh,5/1/2022,101,26.02500566,36.70594648,170099,0.353666007,0,38.47920248,0.028562097,0.149160595,2.317819742,0.550232586,-0.835011438,4.127648551,-0.688101681,0.725614275
Al_Wajh,6/1/2022,102,26.02500566,36.70594648,177288,0.390447325,0,38.82703482,0.018545991,0.145334349,2.523609982,-0.491569875,-0.870838136,4.963615911,-0.649946196,0.759980225
Al_Wajh,7/1/2022,103,26.02500566,36.70594648,176209,0.420605751,0,38.99434786,-0.104834047,0.143572527,2.356652122,-0.826056808,-0.563586862,3.288174546,-0.508640886,0.860978774
Al_Wajh,8/1/2022,104,26.02500566,36.70594648,147314,0.408603752,0.003966435,39.73978601,-0.094998139,0.142711162,2.558162934,0.015060683,-0.999886581,3.200608266,-0.532408892,0.846487313
Al_Wajh,9/1/2022,105,26.02500566,36.70594648,168127,0.387681252,0.168115478,39.98672634,-0.064231871,0.142069594,2.452707613,0.501913893,-0.864917594,3.488789463,-0.696373378,0.717679676
Al_Wajh,10/1/2022,106,26.02500566,36.70594648,164529,0.417829959,0,39.32297877,-4.94E-05,0.142652293,2.745926884,0.812740562,-0.582625762,3.532493448,-0.779651257,0.626213955
Al_Wajh,11/1/2022,107,26.02500566,36.70594648,153798,0.308789252,10.02279472,39.25581504,0.089082421,0.144177684,2.149962649,0.686469981,-0.727158143,2.656574945,-0.890024429,0.455912838
Al_Wajh,12/1/2022,108,26.02500566,36.70594648,183328,0.483862812,11.65775108,38.96161858,0.162817246,0.213108272,2.374229408,0.449448998,-0.893305994,2.696182229,-0.952092962,0.305808751
Al_Wajh,1/1/2023,109,26.02500566,36.70594648,169471,0.556155283,6.312520504,38.94979951,0.19585427,0.139473483,2.052182139,0.638432958,-0.769677438,2.677573214,-0.933169289,0.359437168
Al_Wajh,2/1/2023,110,26.02500566,36.70594648,162818,0.536900379,3.285147429,38.91569272,0.139980907,0.140023872,1.928383925,0.409743072,-0.912200973,4.658109424,-0.785975677,0.618257418
Al_Wajh,3/1/2023,111,26.02500566,36.70594648,163933,0.477166796,6.02856493,38.59663865,0.11903232,0.178805254,1.955891658,-0.036297113,-0.999341043,3.428465073,-0.697551859,0.716534301
Al_Wajh,4/1/2023,112,26.02500566,36.70594648,167640,0.444443831,3.468009889,38.76719088,0.105707528,0.174119531,2.0187271,0.30960245,-0.950866091,2.311241571,-0.714334686,0.699804227
Al_Wajh,5/1/2023,113,26.02500566,36.70594648,184386,0.447204382,3.290782332,38.66897202,0.111307403,0.159517275,1.856674763,0.146965382,-0.989141636,2.150515538,-0.616543829,0.787320587
Al_Wajh,6/1/2023,114,26.02500566,36.70594648,192859,0.453031704,0,38.41657752,0.048247433,0.163566936,1.987558229,-0.149724504,-0.988727755,3.678688936,-0.623727679,0.781641722
Al_Wajh,7/1/2023,115,26.02500566,36.70594648,172501,0.38095416,0.077740356,38.74810935,-0.062633499,0.14996086,2.214880103,-0.010263202,-0.999947332,2.818676592,-0.503696695,0.86388057
Al_Wajh,8/1/2023,116,26.02500566,36.70594648,176036,0.436818565,0,38.98758976,-0.076597333,0.146009737,2.533442132,-0.16264504,-0.986684646,3.433540773,-0.601772319,0.798667688
Al_Wajh,9/1/2023,117,26.02500566,36.70594648,163442,0.374218449,0,39.11521767,-0.091219378,0.14396262,1.970396498,-0.228307683,-0.973589031,4.500833575,-0.749268603,0.662266231
Al_Wajh,10/1/2023,118,26.02500566,36.70594648,152898,0.390963769,0,38.96231213,0.006566325,0.142803391,2.383036821,-0.259480138,-0.965748445,2.860000439,-0.853259533,0.5214865
Al_Wajh,11/1/2023,119,26.02500566,36.70594648,174727,0.488477945,0,38.82025868,0.027789873,0.14220742,1.997060081,0.322830125,-0.946456925,2.189136661,-0.897804465,0.440394303
Al_Wajh,12/1/2023,120,26.02500566,36.70594648,197346,0.547280717,16.88765526,38.61220623,0.011179932,0.186579806,2.328822779,0.926244674,-0.376922809,1.752021759,-0.993000233,0.118112391
Al_Wajh,1/1/2024,121,26.02500566,36.70594648,183952,0.535561877,6.301449776,38.54834386,0.029248852,0.180362794,2.117001052,-0.466564395,-0.884487233,3.436743643,-0.828123552,0.560545611
Al_Wajh,2/1/2024,122,26.02500566,36.70594648,178018,0.533279086,0,38.6981262,0.010087081,0.174849044,2.547607535,-0.19373988,-0.981052934,3.515386453,-0.849443081,0.527680255
Al_Wajh,3/1/2024,123,26.02500566,36.70594648,160119,0.472681582,10.96423197,38.90383272,0.049391563,0.192363756,2.270288362,-0.419338415,-0.907829992,3.117940373,-0.713094779,0.70106764
Al_Wajh,4/1/2024,124,26.02500566,36.70594648,165393,0.457641047,1.811166346,38.70742551,0.058243444,0.172096304,2.372882838,0.81519928,-0.579180571,2.273407266,-0.707015116,0.707198434
Al_Wajh,5/1/2024,125,26.02500566,36.70594648,185081,0.443065361,0.820611276,38.49332152,0.043816067,0.157071041,2.648043955,0.315150085,-0.949041845,3.807088427,-0.68382628,0.729644858
Al_Wajh,6/1/2024,126,26.02500566,36.70594648,180206,0.338184704,0,38.5502497,0.019204084,0.149993564,2.467033137,-0.485104979,-0.874455922,3.3829447,-0.609577417,0.792726544
Al_Wajh,7/1/2024,127,26.02500566,36.70594648,196613,0.437319306,0,38.63958429,-0.081927047,0.145711003,2.528182004,0.064393526,-0.997924583,2.131886772,-0.343176257,0.939271024
Al_Wajh,8/1/2024,128,26.02500566,36.70594648,180146,0.406216823,0.002195248,38.84542981,-0.110859533,0.143837849,2.076596336,-0.305985773,-0.952036085,2.453455052,-0.463954972,0.885858783
Al_Wajh,9/1/2024,129,26.02500566,36.70594648,153611,0.401393234,0,39.08612174,-0.152659636,0.142806974,2.076596336,-0.305985773,-0.952036085,4.226145965,-0.727613309,0.685987517
Al_Wajh,10/1/2024,130,26.02500566,36.70594648,165393,0.494089309,0.99182646,38.84612161,-0.152659636,0.147739724,2.076596336,-0.305985773,-0.952036085,2.813778421,-0.793445797,0.608640918
Al_Wajh,11/1/2024,131,26.02500566,36.70594648,176999,0.475925693,0,38.62267477,-0.152659636,0.146312576,2.076596336,-0.305985773,-0.952036085,3.964118662,-0.818277749,0.574823038
Al_Wajh,12/1/2024,132,26.02500566,36.70594648,190863,0.47382152,6.827446699,38.6889326,-0.152659636,0.168735916,2.076596336,-0.305985773,-0.952036085,3.396161096,-0.888465759,0.45894291
Duba_Lake,1/1/2014,1,27.43359048,35.60172258,71940,0.379506279,0,39.46614801,0.241414504,0.158647942,2.425843774,0.064030916,-0.997947915,0.903065255,-0.600999709,-0.799249242
Duba_Lake,2/1/2014,2,27.43359048,35.60172258,78234,0.378480426,4.467441559,39.39858889,0.201844311,0.158378164,2.215906536,0.982916103,-0.184054162,0.880749073,-0.610073249,-0.79234502
Duba_Lake,3/1/2014,3,27.43359048,35.60172258,77335,0.33410732,1.334501743,39.39905787,0.182084165,0.18723201,1.78318598,0.968971344,0.247173085,0.119876276,0.999013804,-0.04440066
Duba_Lake,4/1/2014,4,27.43359048,35.60172258,64746,0.288409292,1.142013431,39.26998171,0.211146421,0.175729095,2,0.862051839,0.506820112,0.55656499,0.746094365,0.66584022
Duba_Lake,5/1/2014,5,27.43359048,35.60172258,72818,0.345454221,0,39.30629739,0.139224351,0.17090783,2.129655528,0.994135809,0.108138769,0.542896012,-0.673360122,0.739314646
Duba_Lake,6/1/2014,6,27.43359048,35.60172258,68343,0.344730451,0,39.30076402,-0.014123477,0.16145709,1.780128025,0.055625323,-0.998451713,0.807368034,-0.469736197,0.882806833
Duba_Lake,7/1/2014,7,27.43359048,35.60172258,62947,0.334897962,0,39.34654002,-0.070268729,0.157747969,2,0.866025404,-0.5,1.02512894,0.160404691,0.987051334
Duba_Lake,8/1/2014,8,27.43359048,35.60172258,72818,0.331724896,0,39.32067049,-0.129772056,0.156100591,1.333333333,0.870199907,-0.492698814,0.891793505,0.198584951,0.980083679
Duba_Lake,9/1/2014,9,27.43359048,35.60172258,71040,0.318386064,0,39.63087315,-0.15251559,0.155128487,2.118033989,0.973248989,-0.229752921,0.444609197,-0.846436216,0.532490124
Duba_Lake,10/1/2014,10,27.43359048,35.60172258,66544,0.293183219,0,39.42208945,-0.058447172,0.154499242,2.206022825,-0.643955085,-0.765063297,0.247140809,-0.92966463,-0.368406942
Duba_Lake,11/1/2014,11,27.43359048,35.60172258,75537,0.338674069,0,39.37085989,0.036159681,0.15418824,2.29222973,0.021251735,-0.999774156,1.075009108,-0.555111595,-0.831775882
Duba_Lake,12/1/2014,12,27.43359048,35.60172258,81810,0.338421776,2.556696415,39.37483682,0.114151963,0.176056523,1.530275808,-0.468602829,-0.883408959,1.157587048,-0.528908887,-0.848678614
Duba_Lake,1/1/2015,13,27.43359048,35.60172258,64746,0.304353441,0,39.22438661,0.132902609,0.1728603,2.236067977,-0.997974616,0.063613406,0.524908564,-0.66570733,-0.74621294
Duba_Lake,2/1/2015,14,27.43359048,35.60172258,53055,0.303282244,0.725937963,39.27860991,0.221014416,0.180043166,3.006322249,0.904124855,-0.427268355,0.337243466,-0.510440871,-0.859912854
Duba_Lake,3/1/2015,15,27.43359048,35.60172258,66544,0.311461871,0,39.45253448,0.219335329,0.17791816,2.291117138,0.610975294,-0.791649664,0.142621553,-0.999147712,-0.041277701
Duba_Lake,4/1/2015,16,27.43359048,35.60172258,68343,0.317173626,0,39.12850548,0.098615596,0.168772591,1.25,-0.431860251,-0.901940532,0.493420265,-0.09187571,0.995770483
Duba_Lake,5/1/2015,17,27.43359048,35.60172258,66544,0.300253001,0.58414495,39.2240522,0.130176248,0.165753213,2.413568262,-0.326772944,-0.945102874,0.422099449,0.09571969,0.995408329
Duba_Lake,6/1/2015,18,27.43359048,35.60172258,72839,0.305292631,0,39.48692453,-0.069688967,0.161079589,2.25,0.605247052,0.796037692,0.811381276,-0.039438912,0.999221983
Duba_Lake,7/1/2015,19,27.43359048,35.60172258,62947,0.306281654,0,39.52649462,-0.089566334,0.15784013,2.236067977,-0.447213596,0.894427191,1.365368465,0.430050504,0.902804832
Duba_Lake,8/1/2015,20,27.43359048,35.60172258,58451,0.264647809,0,39.39288223,-0.04744012,0.156121089,1.851351351,0.42154918,-0.906805541,0.750641937,-0.20047356,0.979699113
Duba_Lake,9/1/2015,21,27.43359048,35.60172258,69242,0.313649538,0,39.56172919,-0.055783077,0.155114367,3.16227766,-0.392328051,-0.919825364,0.53923812,-0.554022429,0.832501741
Duba_Lake,10/1/2015,22,27.43359048,35.60172258,77335,0.324977322,0.719745621,39.56945527,0.042115968,0.157075537,1,0.946817995,-0.321769615,0.158201901,0.634652421,0.772797712
Duba_Lake,11/1/2015,23,27.43359048,35.60172258,78234,0.31332749,0,39.70979428,0.072658063,0.181900661,1.903493957,0.086820364,-0.996223983,1.018570492,-0.63463125,-0.772815099
Duba_Lake,12/1/2015,24,27.43359048,35.60172258,76436,0.351919894,0,39.94361889,0.076140719,0.179025942,2.196432877,0.671558955,-0.740951125,1.666639822,-0.641478071,-0.767141372
Duba_Lake,1/1/2016,25,27.43359048,35.60172258,73738,0.318708976,0,39.76722002,0.08564857,0.182192583,1.803751804,0.593659731,-0.804716176,0.786973387,-0.605935143,-0.795514049
Duba_Lake,2/1/2016,26,27.43359048,35.60172258,73738,0.333865128,0,39.52652824,0.098894996,0.168837244,2.163400206,0.511802279,-0.859103269,1.065191462,-0.569348836,-0.822096042
Duba_Lake,3/1/2016,27,27.43359048,35.60172258,0,0.333865128,4.823466539,38.6954695,0.167420625,0.185461689,1.984578277,0.834454076,-0.551077485,0.342386758,-0.494159154,-0.869371457
Duba_Lake,4/1/2016,28,27.43359048,35.60172258,77335,0.336514604,1.402836442,38.77748489,0.17433003,0.185465174,1.546263345,0.946103464,0.323864531,0.283972928,0.541424859,0.840749143
Duba_Lake,5/1/2016,29,27.43359048,35.60172258,75537,0.324919121,0.949317664,38.44676614,0.102375383,0.170871129,2,0.05991526,-0.998203467,0.699057521,-0.041069116,0.999156308
Duba_Lake,6/1/2016,30,27.43359048,35.60172258,71040,0.328185317,0,38.80617166,-0.039623512,0.161117199,1.6,0.951056516,0.309016994,0.557139359,-0.506157034,0.862441336
Duba_Lake,7/1/2016,31,27.43359048,35.60172258,73738,0.350123711,0,38.66655922,-0.14007282,0.157825282,1,1.22E-16,-1,1.278256035,0.442387012,0.896824248
Duba_Lake,8/1/2016,32,27.43359048,35.60172258,69221,0.288609839,0,39.0078733,-0.20893666,0.156212333,2,0.788205438,0.615412209,1.047923411,0.257806342,0.966196611
Duba_Lake,9/1/2016,33,27.43359048,35.60172258,67443,0.294888911,0,39.41433656,-0.144218896,0.155250467,1.935572519,0.80423355,-0.594313383,0.551899542,-0.521230145,0.853416157
Duba_Lake,10/1/2016,34,27.43359048,35.60172258,73738,0.320978337,1.664204717,39.67497361,-0.074495937,0.157083018,3,0.390541913,0.920585148,0.208650666,-0.884716931,0.466128687
Duba_Lake,11/1/2016,35,27.43359048,35.60172258,48559,0.256082145,0,39.17163944,0.037166563,0.169316228,1,-0.613114601,-0.789993979,1.027605353,-0.641945524,-0.766750249
Duba_Lake,12/1/2016,36,27.43359048,35.60172258,81831,0.336642417,3.184850693,39.39761388,0.094104137,0.181668624,1.5,0.855675663,-0.517512473,1.056987066,-0.73550511,-0.677519175
Duba_Lake,1/1/2017,37,27.43359048,35.60172258,83630,0.338995452,0.634124756,39.38571084,0.030779889,0.183267699,2.118033989,0.893234311,-0.449591443,0.68720458,-0.719840116,-0.694139905
Duba_Lake,2/1/2017,38,27.43359048,35.60172258,66544,0.350795972,0.556745648,39.53018856,0.043819085,0.175118532,2.92628095,0.437866121,-0.899040188,1.200541604,-0.616388475,-0.787442218
Duba_Lake,3/1/2017,39,27.43359048,35.60172258,52156,0.311971126,2.833067,39.55320346,0.038136962,0.174997654,2.484951934,0.284478683,-0.958682366,0.210879459,-0.145703168,0.989328351
Duba_Lake,4/1/2017,40,27.43359048,35.60172258,77335,0.342546308,2.722642198,39.30518901,0.085383323,0.186576293,1.831574109,-0.294483594,-0.955656535,0.105562551,0.581014259,-0.813893378
Duba_Lake,5/1/2017,41,27.43359048,35.60172258,79112,0.317531655,0,39.00178075,0.040869273,0.16900415,1.582106781,0.984322386,-0.176378684,0.762019381,0.08604049,0.996291641
Duba_Lake,6/1/2017,42,27.43359048,35.60172258,70141,0.292582235,0,39.1582365,-0.050643621,0.16046457,2,0.905518622,-0.424306523,0.828200559,-0.38265692,0.923890514
Duba_Lake,7/1/2017,43,27.43359048,35.60172258,73717,0.291965446,0,39.44084692,-0.105270912,0.157482658,2.236067977,0.894427191,0.447213596,1.431493668,0.338130901,0.941099088
Duba_Lake,8/1/2017,44,27.43359048,35.60172258,58451,0.251259652,0,39.0456152,-0.172956437,0.156007319,1.16917831,0.774495998,0.632578809,1.10014667,0.096614686,0.995321859
Duba_Lake,9/1/2017,45,27.43359048,35.60172258,70141,0.287269287,0,39.55150557,-0.192918247,0.155105052,2.702649044,0.810595857,-0.585605973,0.387570575,-0.310481075,0.950579561
Duba_Lake,10/1/2017,46,27.43359048,35.60172258,75537,0.319480751,0,39.68034291,-0.122629077,0.154548496,2.04488845,-0.435474514,-0.900201059,0.228756086,-0.995919174,-0.090249649
Duba_Lake,11/1/2017,47,27.43359048,35.60172258,74637,0.292149342,3.145036936,39.49589336,-0.019161249,0.169238792,2.741440447,-0.135516423,-0.9907751,0.637207521,-0.606945147,-0.794743725
Duba_Lake,12/1/2017,48,27.43359048,35.60172258,75537,0.335188364,1.865867615,39.53480542,0.038295742,0.18723196,1.777693428,-0.650423756,-0.759571549,1.437794467,-0.546479939,-0.837472194
Duba_Lake,1/1/2018,49,27.43359048,35.60172258,81831,0.33152936,0,39.37542939,0.029922555,0.175505521,1.284700655,0.778277102,-0.627920977,1.091432735,-0.578109595,-0.815959126
Duba_Lake,2/1/2018,50,27.43359048,35.60172258,59350,0.297615485,1.633888975,39.45952737,0.149320692,0.180389743,1,0.951056516,0.309016994,0.750882384,-0.413561039,-0.910476396
Duba_Lake,3/1/2018,51,27.43359048,35.60172258,62048,0.316114393,1.664291024,39.050964,0.126421158,0.182736139,1.054101268,0.675734875,-0.737144747,0.11838932,0.999981208,0.006130591
Duba_Lake,4/1/2018,52,27.43359048,35.60172258,37768,0.27207145,1.589388072,38.94333875,0.154558882,0.176850193,1.2,0.665361102,0.74652167,0.661852856,0.212408748,0.977180906
Duba_Lake,5/1/2018,53,27.43359048,35.60172258,67443,0.298496451,1.708719194,38.91074693,0.071554959,0.176115385,1.8,0.866025404,-0.5,0.495133956,-0.053097399,0.998589338
Duba_Lake,6/1/2018,54,27.43359048,35.60172258,62947,0.297442706,0,39.20078909,-0.028490811,0.165717174,2.02194187,0.460805493,-0.887501154,0.949429642,-0.301496797,0.95346719
Duba_Lake,7/1/2018,55,27.43359048,35.60172258,63846,0.298509443,0,39.28642178,-0.166122089,0.159629435,1,1.22E-16,-1,1.381110484,0.341532087,0.939870115
Duba_Lake,8/1/2018,56,27.43359048,35.60172258,61149,0.29066566,0,39.34205997,-0.20560499,0.157297637,2,0.382683432,-0.923879533,0.914483343,0.232812569,0.972521623
Duba_Lake,9/1/2018,57,27.43359048,35.60172258,51257,0.241341498,0,39.39302564,-0.140049519,0.156022905,2.314052336,0.071114688,-0.997468145,0.551479247,-0.362358755,0.932038697
Duba_Lake,10/1/2018,58,27.43359048,35.60172258,75537,0.31063527,0,39.30688143,-0.055519557,0.155244998,2.417827193,-0.625736244,-0.780034713,0.22396768,-0.345671998,-0.938355407
Duba_Lake,11/1/2018,59,27.43359048,35.60172258,85428,0.341389481,4.914888382,39.46812642,-0.024665569,0.160990911,2.050472756,0.479764664,-0.877397212,0.424845144,-0.212234192,-0.977218833
Duba_Lake,12/1/2018,60,27.43359048,35.60172258,88105,0.374708298,1.113672614,39.51965725,0.012064314,0.199129087,2.352294996,0.145572037,-0.989347655,0.882913854,-0.570325611,-0.82141871
Duba_Lake,1/1/2019,61,27.43359048,35.60172258,79134,0.340623245,2.508492559,39.37375176,0.036458027,0.209772532,2.273514178,-0.027443764,-0.999623349,0.487621294,-0.489373682,-0.872074194
Duba_Lake,2/1/2019,62,27.43359048,35.60172258,80932,0.321906336,1.674498171,39.23774707,0.043010758,0.203103171,2.626201114,-0.811211448,-0.584752928,0.549246946,-0.751841108,-0.659344332
Duba_Lake,3/1/2019,63,27.43359048,35.60172258,84529,0.349838312,1.718972802,39.40007293,-0.044146504,0.185644499,2.315592923,-0.663055705,-0.748570058,0.19754362,-0.189831517,0.981816681
Duba_Lake,4/1/2019,64,27.43359048,35.60172258,62947,0.285046573,1.614433406,39.31094062,-0.00487069,0.177866799,2.284014106,0.768106685,-0.640321888,0.300885661,-0.24234011,0.970191358
Duba_Lake,5/1/2019,65,27.43359048,35.60172258,65645,0.266559954,0,39.10341859,0.086114922,0.169577025,2.501976428,0.169344674,-0.985556889,0.769459978,0.413360694,0.910567371
Duba_Lake,6/1/2019,66,27.43359048,35.60172258,72363,0.315179806,0,39.24142294,0.026515152,0.162057426,2.507464645,0.565585583,-0.824689607,0.890152605,0.154842356,0.987939191
Duba_Lake,7/1/2019,67,27.43359048,35.60172258,69242,0.327623558,0,39.48862708,-0.108949398,0.158425845,2.192870272,-0.630341643,-0.776317856,1.111128238,0.264842681,0.964291634
Duba_Lake,8/1/2019,68,27.43359048,35.60172258,73738,0.318881177,0,39.33226705,-0.134675416,0.156685465,1.99925644,0.537061063,-0.843543368,1.178766902,0.307182664,0.951650572
Duba_Lake,9/1/2019,69,27.43359048,35.60172258,68343,0.285904797,0,39.5733757,-0.128091729,0.15567823,2.452462774,-0.146722795,-0.989177649,0.592970746,-0.144470304,0.989509136
Duba_Lake,10/1/2019,70,27.43359048,35.60172258,57552,0.285840322,0.681731463,39.52920425,4.08E-05,0.155367588,2.817562012,-0.176473503,-0.984305391,0.115733248,-0.778347128,-0.627834173
Duba_Lake,11/1/2019,71,27.43359048,35.60172258,83630,0.348701148,2.571828167,39.58563042,0.074333881,0.17264285,2.500044306,0.302713424,-0.953081624,0.965578779,-0.478555816,-0.878057134
Duba_Lake,12/1/2019,72,27.43359048,35.60172258,80033,0.356602753,0,39.4963721,0.04636715,0.173781178,2.322157531,-0.265692227,-0.964057903,1.016037663,-0.661091205,-0.75030555
Duba_Lake,1/1/2020,73,27.43359048,35.60172258,59847,0.316264656,0,39.54785442,0.005788043,0.167002635,2.332576364,0.682076737,-0.731280606,0.740183923,-0.698061005,-0.716038291
Duba_Lake,2/1/2020,74,27.43359048,35.60172258,85428,0.369054295,1.68026948,39.64881241,0.026243545,0.16754176,2.157362083,0.377180133,-0.926139918,0.194364618,-0.719852198,-0.694127375
Duba_Lake,3/1/2020,75,27.43359048,35.60172258,79134,0.326545118,3.758820057,39.31452239,0.003724669,0.19587978,1.997515282,-0.249539847,-0.968364531,0.098445916,0.512808259,-0.858503168
Duba_Lake,4/1/2020,76,27.43359048,35.60172258,63846,0.288257003,0,39.12974596,0.040419157,0.176026814,2.012732066,0.222991349,-0.974820424,0.670965853,0.68893222,0.72482577
Duba_Lake,5/1/2020,77,27.43359048,35.60172258,68343,0.272017416,0.546730243,38.95953465,0.032925569,0.166810233,2.731122017,-0.063005251,-0.998013195,0.589735319,0.271034651,0.962569591
Duba_Lake,6/1/2020,78,27.43359048,35.60172258,53055,0.260680814,0.040825278,39.15111983,-0.018580211,0.162414001,2.770266551,-0.241169092,-0.970483111,0.685722876,-0.337113823,0.941463898
Duba_Lake,7/1/2020,79,27.43359048,35.60172258,70141,0.294020641,0.093251854,39.29993618,-0.054938501,0.158378758,0.096600053,0.212738713,0.977109124,1.319260962,0.395504898,0.918463867
Duba_Lake,8/1/2020,80,27.43359048,35.60172258,64746,0.264741515,0,39.2123661,-0.089661872,0.156616991,2.258745133,-0.142429152,-0.989804999,1.09551613,0.373737519,0.92753451
Duba_Lake,9/1/2020,81,27.43359048,35.60172258,71940,0.284730133,0.169958198,39.46313179,-0.01694602,0.155571453,2.167470329,-0.616077308,-0.787685692,0.381628123,-0.792656414,0.609668606
Duba_Lake,10/1/2020,82,27.43359048,35.60172258,79134,0.32124207,1.058743238,39.65875995,0.015103062,0.156282852,2.39113163,0.32766436,-0.944794193,0.308224842,-0.891159272,-0.45369059
Duba_Lake,11/1/2020,83,27.43359048,35.60172258,67443,0.345409101,0,39.32807672,0.086040637,0.165148512,2.154772682,0.391918078,-0.920000119,0.618897462,-0.512335804,-0.858785202
Duba_Lake,12/1/2020,84,27.43359048,35.60172258,57552,0.262450465,0,39.29560184,0.09225314,0.163483974,1.902107607,0.207201882,-0.978298206,1.013107978,-0.58825691,-0.808674105
Duba_Lake,1/1/2021,85,27.43359048,35.60172258,57552,0.25884602,0,39.214136,0.166082247,0.1609178,2.156924038,0.441305031,-0.897357159,1.119181806,-0.59108563,-0.806608814
Duba_Lake,2/1/2021,86,27.43359048,35.60172258,84529,0.36000719,1.018729568,39.24343157,0.109197792,0.175126706,2.281256368,0.07766702,-0.996979355,0.750305337,-0.607966786,-0.79396246
Duba_Lake,3/1/2021,87,27.43359048,35.60172258,84529,0.333343338,0,38.78010643,0.088434742,0.175255706,2.223774925,0.948518567,-0.316721531,0.127213925,-0.985132566,-0.171795886
Duba_Lake,4/1/2021,88,27.43359048,35.60172258,72839,0.313384286,0,38.87929952,0.047215991,0.163986981,1.842541884,-0.364461129,-0.931218603,0.104764459,0.300674493,0.953726821
Duba_Lake,5/1/2021,89,27.43359048,35.60172258,80033,0.333532211,0,38.80900872,0.107239868,0.15866462,2.790810818,0.526294807,-0.850302167,0.524261206,-0.203358373,0.979104373
Duba_Lake,6/1/2021,90,27.43359048,35.60172258,71940,0.313515859,0,38.73895633,-0.010544728,0.156380712,2.147489642,0.295778677,-0.955256497,0.749606653,-0.587530356,0.809202126
Duba_Lake,7/1/2021,91,27.43359048,35.60172258,72363,0.318136572,0,39.14854622,-0.089304659,0.155154707,2.730395392,-0.198692772,-0.980061826,1.036480291,0.271389939,0.962469481
Duba_Lake,8/1/2021,92,27.43359048,35.60172258,76436,0.322110336,0,39.40358114,-0.069492643,0.154442683,1.699016154,-0.285474721,-0.958386239,0.755180225,0.230985235,0.972957256
Duba_Lake,9/1/2021,93,27.43359048,35.60172258,61149,0.284490746,0,39.56176138,-0.107500729,0.153901552,1.885566616,0.64158448,-0.767052381,0.548487355,-0.680963774,0.732317103
Duba_Lake,10/1/2021,94,27.43359048,35.60172258,73738,0.316512672,0,39.39694118,-0.046721283,0.15358015,2.471674643,-0.582497716,-0.812832339,0.117754217,-0.999210776,-0.039721847
Duba_Lake,11/1/2021,95,27.43359048,35.60172258,62947,0.334895216,3.436294019,39.33678007,0.025858575,0.174500336,2.240398911,-0.341919364,-0.939729295,0.776054919,-0.665975245,-0.745973842
Duba_Lake,12/1/2021,96,27.43359048,35.60172258,86186,0.38323967,2.45955348,39.63632262,0.097672437,0.18755922,1.944624747,0.150905206,-0.988548238,0.910400951,-0.61484785,-0.788645752
Duba_Lake,1/1/2022,97,27.43359048,35.60172258,97097,0.390150878,1.244344711,39.51445866,0.072368678,0.198204258,2.588335624,-0.290535271,-0.956864283,0.530075764,-0.756586925,-0.65389313
Duba_Lake,2/1/2022,98,27.43359048,35.60172258,87227,0.360135158,0,39.53211391,0.022511268,0.182537819,2.242805114,-0.309371199,-0.950941355,0.596290785,-0.549228705,-0.835672082
Duba_Lake,3/1/2022,99,27.43359048,35.60172258,77335,0.365049189,1.440224886,39.31815934,0.01750594,0.182342668,2.270882948,-0.749687309,-0.661792217,0.338055572,-0.886712428,-0.462321393
Duba_Lake,4/1/2022,100,27.43359048,35.60172258,46761,0.241430664,0.751962245,38.86702383,0.073818009,0.168040828,2.110178575,0.851469926,-0.524403437,0.381331585,0.715038234,0.699085348
Duba_Lake,5/1/2022,101,27.43359048,35.60172258,217368,0.296200282,0,38.51569319,0.015879939,0.160705579,2.22771076,0.477755204,-0.878493008,0.711321832,-0.048523934,0.99882202
Duba_Lake,6/1/2022,102,27.43359048,35.60172258,63846,0.279214423,0,38.87146747,0.006266776,0.157477113,2.24851609,-0.122213877,-0.992503788,1.035931868,0.149221527,0.98880379
Duba_Lake,7/1/2022,103,27.43359048,35.60172258,68343,0.30580243,0,39.06239867,-0.117201595,0.156009258,2.444387575,0.640210574,-0.768199466,1.248857914,0.414766042,0.909928091
Duba_Lake,8/1/2022,104,27.43359048,35.60172258,62048,0.272387093,0,39.74196339,-0.102737186,0.154964189,2.066021748,0.44226272,-0.896885548,0.853475563,0.502971872,0.86430278
Duba_Lake,9/1/2022,105,27.43359048,35.60172258,73262,0.322952366,0.285100039,40.01058727,-0.068241713,0.154376872,1.756684582,0.331449808,-0.943472853,0.306910959,-0.478966279,0.877833301
Duba_Lake,10/1/2022,106,27.43359048,35.60172258,71940,0.300806856,0,39.37794304,-0.011822174,0.154610461,2.518344108,-0.068777171,-0.997632047,0.052755122,-0.059618043,0.998221263
Duba_Lake,11/1/2022,107,27.43359048,35.60172258,74637,0.337551144,3.388717651,39.30109286,0.046078938,0.155114864,2.215826323,0.045205299,-0.998977718,0.627564129,-0.51880489,-0.854892675
Duba_Lake,12/1/2022,108,27.43359048,35.60172258,91582,0.385335598,0,39.03402996,0.11411446,0.1866588,2.49231598,0.618386436,-0.785874173,1.164051376,-0.581395477,-0.813621103
Duba_Lake,1/1/2023,109,27.43359048,35.60172258,75395,0.3930838,0,38.97812784,0.157397488,0.173194101,2.33615461,0.647329225,-0.762210519,1.011510107,-0.66261518,-0.748960028
Duba_Lake,2/1/2023,110,27.43359048,35.60172258,75537,0.319859878,0,38.95970809,0.10874554,0.171798608,2.104489836,0.347605867,-0.937640742,0.788266945,-0.700678162,-0.713477479
Duba_Lake,3/1/2023,111,27.43359048,35.60172258,81831,0.310790614,0,38.63693953,0.089070341,0.174669111,2.475881241,-0.326098814,-0.945335688,0.338080873,0.332283554,0.943179537
Duba_Lake,4/1/2023,112,27.43359048,35.60172258,70141,0.272892315,1.003212452,38.8297435,0.076752116,0.173200726,2.651330204,-0.804331298,-0.594181086,0.336918497,0.828340812,0.560224507
Duba_Lake,5/1/2023,113,27.43359048,35.60172258,72839,0.273310267,1.700078458,38.72651112,0.084743016,0.167532386,2.469084394,0.369439043,-0.929254967,0.830527871,0.486088058,0.873909835
Duba_Lake,6/1/2023,114,27.43359048,35.60172258,74637,0.313341744,0,38.46770954,0.037786967,0.169659493,2.115613396,0.58684388,-0.809700105,0.933532871,0.300114398,0.953903217
Duba_Lake,7/1/2023,115,27.43359048,35.60172258,74637,0.307927967,0,38.77949452,-0.077687806,0.160868548,2.617605485,-0.360935596,-0.932590744,1.212330864,0.475091203,0.879936559
Duba_Lake,8/1/2023,116,27.43359048,35.60172258,74637,0.341284239,0,39.05026412,-0.095824448,0.157746051,1.989930886,0.652438506,-0.757841669,0.721011311,0.17090689,0.985287184
Duba_Lake,9/1/2023,117,27.43359048,35.60172258,61149,0.297093969,0,39.18044078,-0.105937689,0.1560834,1.726882723,-0.558352601,-0.829603745,0.532247909,-0.412245233,0.911072921
Duba_Lake,10/1/2023,118,27.43359048,35.60172258,73738,0.310187024,0,39.03043413,-0.014675849,0.155179952,2.473745969,0.183136602,-0.983087476,0.243739991,-0.74974131,-0.66173104
Duba_Lake,11/1/2023,119,27.43359048,35.60172258,72839,0.30468192,2.634273052,38.87533045,0.026432501,0.16344842,2.15609958,0.026358684,-0.99965255,0.638819702,-0.326774509,-0.945102333
Duba_Lake,12/1/2023,120,27.43359048,35.60172258,87086,0.34031528,0,38.6834023,0.002479124,0.178799897,2.403619458,0.759506736,-0.650499437,1.105102806,-0.419534756,-0.907739273
Duba_Lake,1/1/2024,121,27.43359048,35.60172258,76295,0.397012452,0,38.59651864,0.026624762,0.169069921,2.055737293,0.494664353,-0.869084103,0.6171366,-0.629337304,-0.777132266
Duba_Lake,2/1/2024,122,27.43359048,35.60172258,92601,0.372377327,1.252086043,38.76193511,-1.22E-05,0.168478316,2.441939919,-0.354808055,-0.934939166,0.88420006,-0.710753456,-0.703441202
Duba_Lake,3/1/2024,123,27.43359048,35.60172258,84508,0.363295259,2.384625435,38.93481219,0.042552919,0.182829127,2.228487472,0.142236467,-0.989832707,0.198405357,-0.802771623,-0.596286611
Duba_Lake,4/1/2024,124,27.43359048,35.60172258,71940,0.308667256,0.913574293,38.74606308,0.054091035,0.17644735,2.074835496,0.132602046,-0.991169359,0.095268771,0.605304994,0.795993633
Duba_Lake,5/1/2024,125,27.43359048,35.60172258,65645,0.269214495,0.559208803,38.51929981,0.038478428,0.169228368,2.156654871,0.78663702,-0.617415742,0.602776107,-0.370998493,0.928633468
Duba_Lake,6/1/2024,126,27.43359048,35.60172258,71040,0.30075761,0,38.57476307,0.024180499,0.161592375,2.357297515,0.08700622,-0.996207768,0.696416527,-0.034581808,0.99940187
Duba_Lake,7/1/2024,127,27.43359048,35.60172258,71040,0.324996888,0,38.67458377,-0.067913849,0.157980488,2.229840531,-0.529481933,-0.848321214,1.445007408,0.418682988,0.908132455
Duba_Lake,8/1/2024,128,27.43359048,35.60172258,70141,0.340127637,0.01412795,38.86928769,-0.104268602,0.156358168,2.53869872,0.108848961,-0.9940583,1.132348445,0.344560536,0.938764101
Duba_Lake,9/1/2024,129,27.43359048,35.60172258,72839,0.304760887,0.145709546,39.11579588,-0.148417855,0.155323538,2.53869872,0.108848961,-0.9940583,0.482707945,-0.35735894,0.933967124
Duba_Lake,10/1/2024,130,27.43359048,35.60172258,74140,0.331933107,0.520785935,38.88032798,-0.148417855,0.158284973,2.53869872,0.108848961,-0.9940583,0.152981686,-0.479184476,-0.877714212
Duba_Lake,11/1/2024,131,27.43359048,35.60172258,81831,0.331459952,0,38.64912118,-0.148417855,0.158367637,2.53869872,0.108848961,-0.9940583,0.7464267,-0.547050811,-0.837099403
Duba_Lake,12/1/2024,132,27.43359048,35.60172258,74616,0.326199321,0,38.71687839,-0.148417855,0.158480966,2.53869872,0.108848961,-0.9940583,1.204496491,-0.634979459,-0.77252902
Juzur_Janabiat,1/1/2014,1,19.78737505,40.64728668,50674,0.370903246,22.50345278,38.77159794,0.346209532,0.231319586,2.287711075,0.770058787,-0.637972934,1.984082369,0.8934414,-0.44917977
Juzur_Janabiat,2/1/2014,2,19.78737505,40.64728668,51066,0.401146346,0,38.55332369,0.284987303,0.205448458,1.82680271,-0.481263741,-0.876575845,0.900535557,0.620563239,0.784156405
Juzur_Janabiat,3/1/2014,3,19.78737505,40.64728668,50819,0.463343054,4.876297951,38.34983575,0.311298941,0.181444091,1.031505986,0.391581328,-0.920143502,1.213403024,0.751352597,0.659900958
Juzur_Janabiat,4/1/2014,4,19.78737505,40.64728668,46259,0.343404433,20.41765976,38.35214386,0.310106426,0.195293328,1.124763705,0.893064315,0.449929026,1.669830694,0.987724901,0.156203455
Juzur_Janabiat,5/1/2014,5,19.78737505,40.64728668,50523,0.380105608,1.932245612,38.33076226,0.240977982,0.189106148,1.890249337,0.872083797,-0.489356568,1.751134819,0.548446181,0.836185856
Juzur_Janabiat,6/1/2014,6,19.78737505,40.64728668,46757,0.333357864,0,38.53488977,0.152777592,0.161430943,2.519150727,-0.50005308,-0.865994756,2.651338301,0.045574473,0.998960944
Juzur_Janabiat,7/1/2014,7,19.78737505,40.64728668,44956,0.277034083,2.71203357,38.34741625,0.062192642,0.152967571,2.5,1,6.12E-17,2.366773252,-0.124676355,0.992197463
Juzur_Janabiat,8/1/2014,8,19.78737505,40.64728668,30601,0.211556159,0,38.60991211,-0.039484337,0.172509075,2.445945946,0.906805541,0.421549181,1.340345832,0.630313952,0.776340339
Juzur_Janabiat,9/1/2014,9,19.78737505,40.64728668,34865,0.208833676,7.614621997,38.82229778,-0.070883635,0.197717733,2.731716046,-0.928336789,-0.37174024,1.430187542,0.708997966,0.705210525
Juzur_Janabiat,10/1/2014,10,19.78737505,40.64728668,46174,0.384537688,5.727631092,38.79015132,0.04172854,0.195967143,1.662162162,-0.616340018,-0.787480148,1.11626741,0.859069775,0.511858498
Juzur_Janabiat,11/1/2014,11,19.78737505,40.64728668,42475,0.307479493,18.70328283,38.80029286,0.16246546,0.212013673,1.421831192,0.971458888,0.237207985,0.929350174,0.269363848,-0.963038482
Juzur_Janabiat,12/1/2014,12,19.78737505,40.64728668,51384,0.518270511,10.35171819,38.75618188,0.233937514,0.207092338,2.879479121,-0.814861753,-0.579655349,0.949432675,0.82536559,-0.564598656
Juzur_Janabiat,1/1/2015,13,19.78737505,40.64728668,50385,0.408537389,14.89124012,38.5897365,0.213332084,0.227019921,1.5,-0.008167711,-0.999966644,0.557321005,0.133414736,0.991060295
Juzur_Janabiat,2/1/2015,14,19.78737505,40.64728668,46975,0.307367584,0,38.28175528,0.31515812,0.173484655,3.000650374,0.970565588,-0.240836957,0.920890536,0.806284762,0.591527583
Juzur_Janabiat,3/1/2015,15,19.78737505,40.64728668,48557,0.356669785,0,38.33246013,0.334660774,0.167172939,2.88247219,0.891825658,0.452379261,1.014167686,0.966071093,-0.258276294
Juzur_Janabiat,4/1/2015,16,19.78737505,40.64728668,48874,0.345421627,9.1554389,38.29433899,0.228476992,0.189273861,2.240154819,-0.999981315,-0.006113053,1.491041192,0.602599063,0.79804409
Juzur_Janabiat,5/1/2015,17,19.78737505,40.64728668,40675,0.241798688,0,38.24266227,0.262575808,0.172324338,2.709031736,0.775768061,-0.631018158,1.855953883,0.789525336,0.613717967
Juzur_Janabiat,6/1/2015,18,19.78737505,40.64728668,44956,0.292987721,0.71569097,38.18959852,0.147494118,0.159387714,2.662717937,0.403105791,-0.915153387,2.151236326,0.152974045,0.988230207
Juzur_Janabiat,7/1/2015,19,19.78737505,40.64728668,44956,0.306036989,0.198710695,38.47719465,0.079436343,0.154538977,2,1.22E-16,-1,2.938542112,-0.127614302,0.99182387
Juzur_Janabiat,8/1/2015,20,19.78737505,40.64728668,2700,0.160959443,22.86391115,38.44514814,0.047906912,0.193753287,2.634578945,-0.176589997,-0.984284498,1.693307448,0.90460487,0.426251134
Juzur_Janabiat,9/1/2015,21,19.78737505,40.64728668,33005,0.227131653,4.859871507,38.46785169,0.037878165,0.223622812,2.077504726,0.710164736,-0.704035544,2.021202561,0.92799537,0.372591725
Juzur_Janabiat,10/1/2015,22,19.78737505,40.64728668,37357,0.275104715,5.516848564,38.56016246,0.150388462,0.181109809,2.068888279,-0.131045259,-0.991376387,1.404045975,0.988445288,0.151578075
Juzur_Janabiat,11/1/2015,23,19.78737505,40.64728668,49774,0.446163329,10.2223587,38.54053672,0.260184177,0.201375113,2.263280213,0.60650227,0.795081755,0.619816507,0.644814493,-0.764339107
Juzur_Janabiat,12/1/2015,24,19.78737505,40.64728668,48874,0.463973217,13.93418312,38.64812426,0.276207246,0.220002356,1.93100189,0.425456853,0.904978711,0.839700018,-0.108333614,-0.994114595
Juzur_Janabiat,1/1/2016,25,19.78737505,40.64728668,50484,0.459634144,18.31147528,38.31153325,0.3074432,0.212841305,2.26670948,-0.279998468,-0.960000447,0.791696091,-0.763061647,-0.646325709
Juzur_Janabiat,2/1/2016,26,19.78737505,40.64728668,51384,0.44857351,0,38.24229551,0.307193144,0.204638363,1.806128354,0.152448343,-0.98831144,0.435621154,0.959588934,-0.281405539
Juzur_Janabiat,3/1/2016,27,19.78737505,40.64728668,50357,0.380464981,4.232918739,37.71593541,0.314136176,0.165658578,1.122698835,0.76290728,-0.646507913,0.529495511,0.994251389,-0.107070887
Juzur_Janabiat,4/1/2016,28,19.78737505,40.64728668,47974,0.380996476,17.70901299,37.84102031,0.333413505,0.222564254,1.943693694,0.499893835,-0.86608669,1.398803395,0.187481677,-0.9822681
Juzur_Janabiat,5/1/2016,29,19.78737505,40.64728668,37283,0.231607876,2.64351967,37.75941315,0.270957023,0.192524932,1.743856333,0.815253917,0.579103661,1.379582826,0.446137679,0.894964341
Juzur_Janabiat,6/1/2016,30,19.78737505,40.64728668,41575,0.307318777,0,37.80848051,0.1770775,0.1615336,1.665351512,0.99863926,0.052150056,1.396192841,0.327557421,0.944831274
Juzur_Janabiat,7/1/2016,31,19.78737505,40.64728668,0,0.307318777,3.088960513,38.19438564,0.09618706,0.155529195,1.665351512,-1,-1.84E-16,1.48574749,0.048037077,0.998845553
Juzur_Janabiat,8/1/2016,32,19.78737505,40.64728668,37565,0.265561297,15.16123515,38.29385965,0.012924415,0.204928958,0,0.965004126,0.262234699,1.051670902,0.592835404,0.805323652
Juzur_Janabiat,9/1/2016,33,19.78737505,40.64728668,38257,0.268904407,5.931633234,38.489631,0.060373281,0.20544285,2.163086295,-0.29758886,-0.954694124,1.252163487,0.567883795,0.823108739
Juzur_Janabiat,10/1/2016,34,19.78737505,40.64728668,37357,0.318035919,0,38.63267212,0.120843646,0.168578504,2.102799228,-0.946725862,-0.32204059,1.006762002,0.915903448,0.401398647
Juzur_Janabiat,11/1/2016,35,19.78737505,40.64728668,47657,0.393164778,20.15026069,38.65140969,0.201873429,0.206130794,2.662408118,-0.699856102,-0.714283862,0.931217398,0.838329106,-0.545164479
Juzur_Janabiat,12/1/2016,36,19.78737505,40.64728668,52450,0.498543449,9.293638468,38.63843199,0.249363799,0.214748249,2.038851351,0.991319074,-0.13147811,0.42110938,0.912336695,-0.409440783
Juzur_Janabiat,1/1/2017,37,19.78737505,40.64728668,51384,0.485879442,15.140728,38.38168913,0.258027217,0.230049112,2.25,-0.931408291,-0.363976091,0.533090317,0.722960451,0.690889417
Juzur_Janabiat,2/1/2017,38,19.78737505,40.64728668,50674,0.492819748,0,38.62979431,0.276132894,0.193519229,2.910847188,-0.24041261,-0.970670787,0.496931008,0.192071808,-0.981380874
Juzur_Janabiat,3/1/2017,39,19.78737505,40.64728668,49774,0.440775711,0,38.50784651,0.25354051,0.181720485,2.868455193,0.874171269,0.485617743,0.592325547,0.768567135,-0.639769145
Juzur_Janabiat,4/1/2017,40,19.78737505,40.64728668,43375,0.315835751,23.72708178,37.98926326,0.276964412,0.162931914,2,0.921603007,-0.388133866,1.035855781,0.998610709,0.052693943
Juzur_Janabiat,5/1/2017,41,19.78737505,40.64728668,48557,0.394779092,1.686938465,37.96665246,0.23927173,0.222042194,1.864609893,-0.121678145,-0.992569609,1.534821244,0.655482484,0.755210377
Juzur_Janabiat,6/1/2017,42,19.78737505,40.64728668,36665,0.232768296,1.069589376,37.8819822,0.131232315,0.165717987,1.976124219,-0.482972757,-0.875635379,1.466322516,0.442433366,0.896801381
Juzur_Janabiat,7/1/2017,43,19.78737505,40.64728668,0,0.232768296,1.904550076,38.13542262,0.062116484,0.156605491,2.466663742,0.967975639,0.251044144,1.585012435,0.059783798,0.998211349
Juzur_Janabiat,8/1/2017,44,19.78737505,40.64728668,33143,0.239188811,14.65761209,37.77392785,-0.00839415,0.198278697,2.991935484,-0.332335158,-0.943161356,1.29446553,0.787533929,0.616271296
Juzur_Janabiat,9/1/2017,45,19.78737505,40.64728668,34043,0.274053676,3.6194278,38.27676991,0.013974124,0.198766775,2.662162162,-0.013735693,-0.999905661,1.489950124,0.871058234,0.491179756
Juzur_Janabiat,10/1/2017,46,19.78737505,40.64728668,49457,0.391821453,0,38.36844079,0.11922556,0.168208976,2.126587302,0.999534561,-0.030506732,0.880404645,0.892643089,0.450764146
Juzur_Janabiat,11/1/2017,47,19.78737505,40.64728668,48557,0.391814074,6.438233852,38.2864139,0.216714883,0.169976526,3,1,6.12E-17,0.751643086,0.851467935,-0.524406671
Juzur_Janabiat,12/1/2017,48,19.78737505,40.64728668,50357,0.418873264,9.664847851,38.46779927,0.262350056,0.188968215,0.961148649,-0.359140463,-0.93328352,1.162215316,0.948133699,-0.317871813
Juzur_Janabiat,1/1/2018,49,19.78737505,40.64728668,49774,0.448585621,14.15521264,38.51947021,0.232813211,0.213092232,1.623310811,0.714571684,0.699562226,0.154435123,-0.531593954,-0.846999332
Juzur_Janabiat,2/1/2018,50,19.78737505,40.64728668,50953,0.438485692,0,38.46763589,0.326427103,0.195627003,2,-1,-1.84E-16,0.725402493,0.996614173,0.082220372
Juzur_Janabiat,3/1/2018,51,19.78737505,40.64728668,48874,0.385074319,0,38.06144398,0.23857073,0.173370836,1.795678439,0.994135735,-0.108139448,0.653097193,0.942654748,0.33376942
Juzur_Janabiat,4/1/2018,52,19.78737505,40.64728668,45857,0.322752495,17.24696827,38.35777675,0.277237936,0.214621166,0.197072072,0.534437074,0.845208266,0.376868842,0.727264543,-0.686357257
Juzur_Janabiat,5/1/2018,53,19.78737505,40.64728668,42475,0.268282259,1.12899518,37.98855515,0.226727367,0.185520238,2.549396474,0.869713219,0.493557409,1.234858349,0.732746992,0.680501172
Juzur_Janabiat,6/1/2018,54,19.78737505,40.64728668,0,0.268282259,0,37.98974239,0.120200727,0.156285579,2.25923411,-0.21438532,-0.976749167,1.738589031,0.165603633,0.986192393
Juzur_Janabiat,7/1/2018,55,19.78737505,40.64728668,32391,0.262022143,1.730821677,38.33633565,-0.044259978,0.151596686,1.5,0.707106781,-0.707106781,1.484488502,-0.013418333,0.99990997
Juzur_Janabiat,8/1/2018,56,19.78737505,40.64728668,33143,0.228718818,11.51536594,38.1603678,-0.113450725,0.190736845,1.333333333,-0.997760797,0.066883426,1.061658538,0.329369002,0.944201282
Juzur_Janabiat,9/1/2018,57,19.78737505,40.64728668,13500,0.168135091,4.729304433,38.33872811,0.005557332,0.194714461,2.770974668,-0.3234499,-0.946245297,1.882759452,0.891997464,0.452040401
Juzur_Janabiat,10/1/2018,58,19.78737505,40.64728668,35843,0.306650886,23.63289976,38.41617268,0.100083515,0.198045509,1.810193196,0.376124724,-0.926569043,0.998020164,0.967803221,0.251708017
Juzur_Janabiat,11/1/2018,59,19.78737505,40.64728668,51384,0.515345926,23.65681577,38.61765518,0.170869541,0.273974527,2.336627454,0.607152248,-0.794585519,1.359615594,0.46091459,-0.8874445
Juzur_Janabiat,12/1/2018,60,19.78737505,40.64728668,49774,0.482238305,10.07298589,38.65743517,0.194293479,0.220615856,2.382451686,-0.031227546,-0.999512301,0.480954891,0.916188121,-0.400748457
Juzur_Janabiat,1/1/2019,61,19.78737505,40.64728668,49676,0.437968391,18.63790131,38.49156701,0.21146158,0.241635899,1.985243535,-0.203727738,-0.979027583,1.304429673,0.968845155,-0.247667247
Juzur_Janabiat,2/1/2019,62,19.78737505,40.64728668,45666,0.346857764,0,38.3944579,0.238541673,0.182505039,2.595396399,-0.605407116,-0.795915966,0.175752135,0.547646208,0.836710004
Juzur_Janabiat,3/1/2019,63,19.78737505,40.64728668,36743,0.335352299,0,38.42456393,0.144377129,0.166996112,2.835800181,-0.58092394,-0.813957847,0.81861761,-0.420457053,0.907312442
Juzur_Janabiat,4/1/2019,64,19.78737505,40.64728668,45525,0.379886662,12.81242466,38.41718837,0.18695333,0.19694328,3.02783778,-0.964541916,-0.263929712,0.5485352,0.241248553,0.970463361
Juzur_Janabiat,5/1/2019,65,19.78737505,40.64728668,37643,0.330646435,0.415712178,38.07321886,0.260322627,0.176296239,2.203027032,0.470742267,-0.882270774,1.134710976,0.872539947,0.488542773
Juzur_Janabiat,6/1/2019,66,19.78737505,40.64728668,29701,0.235738531,0.998049971,38.09716328,0.155476747,0.162051663,2.89090769,0.285517796,-0.958373408,2.055376394,0.096251631,0.995357033
Juzur_Janabiat,7/1/2019,67,19.78737505,40.64728668,35843,0.305588267,0,38.33919525,0.004599016,0.153555854,2.080417919,0.426102242,-0.904675013,1.98104297,-0.032444627,0.999473534
Juzur_Janabiat,8/1/2019,68,19.78737505,40.64728668,30601,0.240510037,19.33257961,38.46806085,-0.043509047,0.202081304,1.953747432,0.071263874,-0.997457498,1.228643998,0.070757266,0.997493564
Juzur_Janabiat,9/1/2019,69,19.78737505,40.64728668,30601,0.239055269,4.673235059,38.54547621,-0.010616016,0.193349798,1.843118714,0.351828539,-0.936064463,1.507098907,0.619346654,0.785117649
Juzur_Janabiat,10/1/2019,70,19.78737505,40.64728668,43943,0.354772116,6.001892328,38.66082219,0.134714382,0.203390555,2.423493222,-0.168879302,-0.985636739,1.340756937,0.665307848,0.746569131
Juzur_Janabiat,11/1/2019,71,19.78737505,40.64728668,42143,0.374433859,18.11226955,38.75404619,0.246789478,0.208101088,2.237457308,-0.017337218,-0.999849699,0.989521449,0.582941692,-0.81251399
Juzur_Janabiat,12/1/2019,72,19.78737505,40.64728668,48225,0.499886388,10.0152607,38.61325378,0.228052688,0.217041475,2.222444943,0.353796226,-0.935322527,0.52231472,-0.395726057,-0.918368601
Juzur_Janabiat,1/1/2020,73,19.78737505,40.64728668,45832,0.526238312,15.00381565,38.49265453,0.18536353,0.221247218,2.260603154,-0.017443706,-0.999847847,1.084605793,-0.804067969,0.594537384
Juzur_Janabiat,2/1/2020,74,19.78737505,40.64728668,48158,0.473629779,0,38.41703393,0.233949031,0.18484989,2.090006289,-0.021201547,-0.999775222,0.790362329,-0.006653441,0.999977866
Juzur_Janabiat,3/1/2020,75,19.78737505,40.64728668,41243,0.401694082,0,38.16668004,0.218501882,0.165278702,2.582544159,0.083903832,-0.996473857,0.379060571,0.186369057,0.982479809
Juzur_Janabiat,4/1/2020,76,19.78737505,40.64728668,45991,0.461229058,11.06115866,38.05951135,0.245830718,0.190731277,1.920313443,0.680262597,-0.732968485,0.465735842,0.993946849,0.109862011
Juzur_Janabiat,5/1/2020,77,19.78737505,40.64728668,43043,0.369151163,0.820636048,37.75945892,0.205999505,0.184912577,2.528113764,-0.363555879,-0.931572393,1.291052849,0.099880969,0.994999393
Juzur_Janabiat,6/1/2020,78,19.78737505,40.64728668,35091,0.293665105,1.086722776,37.93134853,0.131432303,0.170334085,1.882958862,0.636205718,-0.771519465,1.759903179,0.217767661,0.976000638
Juzur_Janabiat,7/1/2020,79,19.78737505,40.64728668,31501,0.23499974,5.243625784,38.20616139,0.073330703,0.156748453,0.48988736,0.614161083,0.789180691,1.091117421,-0.020547155,0.999788885
Juzur_Janabiat,8/1/2020,80,19.78737505,40.64728668,35091,0.378962457,19.67500675,38.23871198,0.019410319,0.221989749,2.123093209,-0.497771121,-0.867308429,0.788584286,0.233984033,0.972240439
Juzur_Janabiat,9/1/2020,81,19.78737505,40.64728668,35091,0.318842312,4.741350263,38.17829001,0.089539555,0.199606138,1.70831944,0.307856045,-0.951432949,1.513846042,0.771764935,0.635907922
Juzur_Janabiat,10/1/2020,82,19.78737505,40.64728668,35991,0.357173405,2.489119129,38.23399124,0.136496643,0.168358048,2.190566864,-0.455472768,-0.890249716,0.884623093,0.871976951,0.489546931
Juzur_Janabiat,11/1/2020,83,19.78737505,40.64728668,35091,0.360761121,19.85762072,38.39698868,0.239929344,0.19750227,2.057028031,-0.072674545,-0.997355709,0.855483968,0.895302162,-0.445459358
Juzur_Janabiat,12/1/2020,84,19.78737505,40.64728668,46591,0.413668346,12.47091198,38.25269754,0.243577705,0.243999084,2.115770654,0.46401603,-0.885826802,0.838267423,0.581556671,-0.813505894
Juzur_Janabiat,1/1/2021,85,19.78737505,40.64728668,43943,0.470913573,30.56844616,38.04234368,0.326289894,0.239065079,2.513215621,-0.285184421,-0.958472663,0.549333652,0.952473569,-0.304621241
Juzur_Janabiat,2/1/2021,86,19.78737505,40.64728668,42143,0.450934334,0,37.90752803,0.248948511,0.177369745,2.294919798,0.197423551,-0.980318286,0.65573804,-0.168703036,0.985666924
Juzur_Janabiat,3/1/2021,87,19.78737505,40.64728668,38691,0.38208617,0,37.79452362,0.255846242,0.16497601,2.392553604,-0.071916789,-0.997410635,0.973527144,0.949656255,0.313293788
Juzur_Janabiat,4/1/2021,88,19.78737505,40.64728668,45535,0.449206181,18.55854797,38.04874289,0.228405869,0.203041685,2.650374344,0.091928748,-0.995765588,1.043677138,0.87247606,0.488656858
Juzur_Janabiat,5/1/2021,89,19.78737505,40.64728668,37791,0.427577347,0,37.92539226,0.248368468,0.17430377,1.928623667,0.027990587,-0.999608187,1.166278077,0.717266535,0.696798908
Juzur_Janabiat,6/1/2021,90,19.78737505,40.64728668,38691,0.36290909,0.991271257,37.89325126,0.128960147,0.15881801,2.423570035,-0.361702616,-0.932293525,1.619080394,0.68202293,0.731330789
Juzur_Janabiat,7/1/2021,91,19.78737505,40.64728668,30601,0.21973781,1.421403706,38.15093035,0.032895655,0.158790017,2.872497298,0.645398728,-0.76384585,0.714251235,0.161120673,0.986934714
Juzur_Janabiat,8/1/2021,92,19.78737505,40.64728668,29701,0.231389257,14.82189655,37.99306499,0.030275685,0.194530144,2.410479966,0.470519663,-0.882389509,1.321936617,0.506588159,0.862188168
Juzur_Janabiat,9/1/2021,93,19.78737505,40.64728668,32402,0.243475022,6.485669613,38.45530962,0.019510395,0.212530389,2.047766492,-0.06505344,-0.997881782,1.397128583,0.513434,0.858129086
Juzur_Janabiat,10/1/2021,94,19.78737505,40.64728668,34202,0.325900957,0,38.3970193,0.107288288,0.186578797,2.655748386,-0.399755071,-0.916621996,0.944480839,0.649102134,0.760701269
Juzur_Janabiat,11/1/2021,95,19.78737505,40.64728668,35091,0.333502965,0,38.70230669,0.205821805,0.160386685,2.34211247,-0.649005511,-0.760783705,0.289666017,0.949656904,-0.31329182
Juzur_Janabiat,12/1/2021,96,19.78737505,40.64728668,36891,0.404407777,11.57771826,38.55392293,0.305275294,0.191298753,2.370313791,-0.234584367,-0.972095764,0.775193966,0.539095031,-0.842244945
Juzur_Janabiat,1/1/2022,97,19.78737505,40.64728668,900,0.151440948,21.6402421,38.68864049,0.288357136,0.228018365,1.70904352,0.381236951,-0.924477359,0.583298859,-0.984389955,0.176001183
Juzur_Janabiat,2/1/2022,98,19.78737505,40.64728668,41392,0.507384757,0,38.53593946,0.244653558,0.213192545,1.821602477,0.562256452,-0.826962927,1.176244027,-0.185214235,0.982698167
Juzur_Janabiat,3/1/2022,99,19.78737505,40.64728668,40491,0.439238318,0,38.19725843,0.254883938,0.182078344,2.114037501,0.445315464,-0.895373742,0.974405643,0.540196936,0.841538633
Juzur_Janabiat,4/1/2022,100,19.78737505,40.64728668,36891,0.405344564,14.42482281,37.73196945,0.276235652,0.198246071,2.538418001,-0.680324885,-0.732910671,0.949709992,0.969769732,-0.244021857
Juzur_Janabiat,5/1/2022,101,19.78737505,40.64728668,39591,0.376986525,0,37.99586073,0.176782718,0.181116573,2.083147642,0.431110898,-0.902298949,1.313028084,0.588211858,0.808706876
Juzur_Janabiat,6/1/2022,102,19.78737505,40.64728668,27901,0.218231459,1.36859224,38.24958191,0.140113932,0.158758436,1.666591436,-0.412062633,-0.911155523,1.529788501,0.405557135,0.914069697
Juzur_Janabiat,7/1/2022,103,19.78737505,40.64728668,16201,0.176625758,0.564421579,38.48540835,-0.020624683,0.15713916,2.089064387,-0.282208848,-0.959352993,0.31155189,0.737980947,0.674821548
Juzur_Janabiat,8/1/2022,104,19.78737505,40.64728668,34202,0.309897353,39.50439024,39.88378928,-0.008227498,0.252700648,1.824019658,0.336384293,-0.941724804,0.255314039,0.962129488,0.272592824
Juzur_Janabiat,9/1/2022,105,19.78737505,40.64728668,17101,0.174567344,5.390984759,39.95881271,0.02709072,0.207020232,2.128316469,0.29570352,-0.955279764,1.184651694,0.875784865,0.482701637
Juzur_Janabiat,10/1/2022,106,19.78737505,40.64728668,33302,0.340004075,0,38.40978252,0.11843369,0.176547714,2.041154774,-0.046272312,-0.998928863,0.834203455,0.854398249,0.519618737
Juzur_Janabiat,11/1/2022,107,19.78737505,40.64728668,36891,0.413797295,15.522434,38.56031985,0.225317662,0.184832327,2.405166765,0.128450019,-0.991715984,0.665088189,0.89236289,-0.451318594
Juzur_Janabiat,12/1/2022,108,19.78737505,40.64728668,39591,0.420196935,34.42821121,38.51789518,0.273192685,0.200474979,2.388827768,-0.350225106,-0.936665562,0.9842864,-0.138220315,-0.990401507
Juzur_Janabiat,1/1/2023,109,19.78737505,40.64728668,39591,0.556342016,22.25358677,38.43162286,0.327716344,0.30092079,2.628401318,-0.591148871,-0.806562467,1.450210496,0.261474831,-0.965210295
Juzur_Janabiat,2/1/2023,110,19.78737505,40.64728668,39591,0.506997077,0,38.1276462,0.302558638,0.186530067,2.109531729,-0.202410308,-0.979300805,0.618827178,0.715639458,0.698469875
Juzur_Janabiat,3/1/2023,111,19.78737505,40.64728668,38691,0.41639247,8.516378403,37.92870124,0.272487805,0.194235243,1.854922538,-0.045270018,-0.998974787,0.322022779,0.179810952,-0.983701185
Juzur_Janabiat,4/1/2023,112,19.78737505,40.64728668,38691,0.382397548,23.12611818,37.92774179,0.277696014,0.233728086,2.184825744,-0.335247632,-0.942130047,1.011774872,0.859051452,-0.511889249
Juzur_Janabiat,5/1/2023,113,19.78737505,40.64728668,37791,0.444680235,1.273275256,37.69193627,0.259230784,0.183902652,1.636591192,-0.32802472,-0.94466914,0.656240567,0.885173988,0.465260155
Juzur_Janabiat,6/1/2023,114,19.78737505,40.64728668,35102,0.308407701,1.61647135,37.81188431,0.171007418,0.175658798,2.717167399,0.315779467,-0.948832613,1.371996281,0.227041419,0.973885103
Juzur_Janabiat,7/1/2023,115,19.78737505,40.64728668,31501,0.262573497,0.57174556,38.30650417,0.031884548,0.162142124,2.012073944,0.163640988,-0.986519958,1.548450561,0.061872468,0.998084063
Juzur_Janabiat,8/1/2023,116,19.78737505,40.64728668,23401,0.213816072,17.37562931,37.95444129,-0.009698181,0.188549975,2.544179414,0.566876472,-0.823802807,1.070825437,0.757856725,0.652421018
Juzur_Janabiat,9/1/2023,117,19.78737505,40.64728668,32402,0.26268031,6.45829469,38.01342882,-0.003159626,0.216101443,1.813597418,0.241663585,-0.970360094,1.657625206,0.645401189,0.76384377
Juzur_Janabiat,10/1/2023,118,19.78737505,40.64728668,33302,0.256861953,9.434290051,38.04918464,0.11805503,0.178216481,2.381678477,0.139425298,-0.990232592,1.053049571,0.902677832,0.430317013
Juzur_Janabiat,11/1/2023,119,19.78737505,40.64728668,36891,0.372383311,27.69044018,38.02697754,0.164222554,0.265777074,2.273876297,-0.006885088,-0.999976298,1.026271822,0.987149132,-0.159801722
Juzur_Janabiat,12/1/2023,120,19.78737505,40.64728668,38691,0.518986014,11.60882759,37.74792121,0.157466022,0.21299759,2.07373915,0.294289607,-0.95571629,0.837421885,0.533318872,-0.845914287
Juzur_Janabiat,1/1/2024,121,19.78737505,40.64728668,40491,0.54655571,17.66098404,37.85434603,0.193244101,0.192133503,2.062329993,0.064127776,-0.997941696,0.209080193,-0.54424246,-0.838927973
Juzur_Janabiat,2/1/2024,122,19.78737505,40.64728668,39591,0.48832787,0,38.12573046,0.188283384,0.209548587,2.420140101,0.128858905,-0.991662938,0.296631541,-0.871567772,0.490275044
Juzur_Janabiat,3/1/2024,123,19.78737505,40.64728668,40191,0.511803835,9.71174264,37.88019747,0.226582591,0.199681531,2.383764504,0.676676441,-0.736280513,0.461070688,-0.251168543,-0.967943368
Juzur_Janabiat,4/1/2024,124,19.78737505,40.64728668,40491,0.437968134,17.47700453,37.69473419,0.218451711,0.225125152,2.436671736,0.173773139,-0.984785711,0.324015441,0.833550824,-0.552442778
Juzur_Janabiat,5/1/2024,125,19.78737505,40.64728668,39591,0.432636022,0.532107029,37.38459451,0.185173084,0.182099615,1.957780502,0.631486755,-0.775386664,1.012297319,0.292372332,0.956304564
Juzur_Janabiat,6/1/2024,126,19.78737505,40.64728668,35991,0.344139586,0.658433497,37.53243866,0.137171795,0.165241616,1.950242494,0.279395727,-0.96017604,1.255790226,0.811972135,0.583696198
Juzur_Janabiat,7/1/2024,127,19.78737505,40.64728668,23401,0.218528968,1.465145707,37.75274636,0.010096184,0.156372075,2.00712898,-0.223169388,-0.97477968,0.713466243,0.100712305,0.99491559
Juzur_Janabiat,8/1/2024,128,19.78737505,40.64728668,35991,0.312344565,48.08930841,37.58555047,-0.041840441,0.26446346,2.290117086,0.151587438,-0.988443852,1.015445199,0.464772709,0.885430025
Juzur_Janabiat,9/1/2024,129,19.78737505,40.64728668,33302,0.313103985,6.607098006,37.83358536,-0.076172115,0.232259893,2.290117086,0.151587438,-0.988443852,1.273242039,0.842403317,0.538847521
Juzur_Janabiat,10/1/2024,130,19.78737505,40.64728668,36002,0.406579477,11.15195853,37.6750606,-0.076172115,0.190473931,2.290117086,0.151587438,-0.988443852,1.117009355,0.881313567,0.472531901
Juzur_Janabiat,11/1/2024,131,19.78737505,40.64728668,38691,0.424710996,24.74901533,37.39945635,-0.076172115,0.245644029,2.290117086,0.151587438,-0.988443852,0.613432419,0.975114171,-0.221703301
Juzur_Janabiat,12/1/2024,132,19.78737505,40.64728668,38691,0.537551337,9.606836319,37.5321034,-0.076172115,0.2348622,2.290117086,0.151587438,-0.988443852,0.638244034,0.74343278,-0.668810662
